n_features,features,train_rmse,test_mae,test_rmse,test_r2,intercept,coefficients_json
3,feat_median_hh_income|feat_total_population|min_temp_celsius,174.91422018518665,98.0119368138586,148.43569115658224,0.389554649934441,953.4477318090679,"{""feat_median_hh_income"":0.0014245522022710783,""feat_total_population"":-1.9015906218590664e-05,""min_temp_celsius"":10.273050219777303}"
2,feat_median_hh_income|min_temp_celsius,174.92743604183735,98.01856763777958,148.50354957089743,0.3889963836339193,22.431728121225916,"{""feat_median_hh_income"":0.0009334408670463854,""min_temp_celsius"":10.263547758309151}"
2,feat_total_population|min_temp_celsius,175.00098536478268,98.25654609341512,148.87386875580856,0.38594529860704485,-1129.508311780311,"{""feat_total_population"":2.4032795872151863e-05,""min_temp_celsius"":10.24743524266142}"
4,feat_median_hh_income|feat_total_population|min_temp_celsius|unsheltered_homeless,174.90054793907362,98.94897582813697,149.16420706719813,0.3835478670950133,945.3248872977475,"{""feat_median_hh_income"":0.0014285375978051577,""feat_total_population"":-1.882644211824409e-05,""min_temp_celsius"":10.268020347991161,""unsheltered_homeless"":-4.5238941626751706e-05}"
3,feat_median_hh_income|min_temp_celsius|unsheltered_homeless,174.91350153573154,98.96478989848357,149.2405686987207,0.3829165448674543,23.5960147250332,"{""feat_median_hh_income"":0.0009424040822647732,""min_temp_celsius"":10.258565508122787,""unsheltered_homeless"":-4.567028261174307e-05}"
1,min_temp_celsius,175.09706174142417,98.72510073611464,149.36092745516498,0.3819208190144272,96.15560271312584,"{""min_temp_celsius"":10.251302130886708}"
3,feat_total_population|min_temp_celsius|unsheltered_homeless,174.9878016365566,99.19250830420052,149.59703569521093,0.3799651678908309,-1143.2101084652577,"{""feat_total_population"":2.4337176401055896e-05,""min_temp_celsius"":10.242424557278813,""unsheltered_homeless"":-4.4433326700375906e-05}"
4,feat_median_hh_income|feat_total_population|min_temp_celsius|overall_homeless,174.87882985014235,99.5580411116064,149.63101420510674,0.37968347444430206,935.3243051937459,"{""feat_median_hh_income"":0.001432032441654656,""feat_total_population"":-1.8593649533011188e-05,""min_temp_celsius"":10.264810147205042,""overall_homeless"":-5.249765393832305e-05}"
3,feat_median_hh_income|min_temp_celsius|overall_homeless,174.89146554624733,99.57823196387841,149.7099382427623,0.37902892035083036,25.002603712103394,"{""feat_median_hh_income"":0.0009519755178182366,""min_temp_celsius"":10.255453594805108,""overall_homeless"":-5.292328962683621e-05}"
5,feat_median_hh_income|feat_total_population|min_temp_celsius|overall_homeless|unsheltered_homeless,174.70602988325155,99.72711321633916,149.75157042796883,0.3786835060398275,871.0133016842483,"{""feat_median_hh_income"":0.0014449546774666674,""feat_total_population"":-1.7099800405063615e-05,""min_temp_celsius"":10.264344393352411,""overall_homeless"":-0.0007452799498085366,""unsheltered_homeless"":0.0009738213163153074}"
2,feat_unemployment_rate|min_temp_celsius,174.87034147964334,98.60788752417355,149.7938090119994,0.3783329624033307,-199.72974101232072,"{""feat_unemployment_rate"":4677.373802091163,""min_temp_celsius"":10.263637346353828}"
4,feat_median_hh_income|min_temp_celsius|overall_homeless|unsheltered_homeless,174.7167223687638,99.73331734995573,149.81647540489254,0.37814481022911284,33.87626343685653,"{""feat_median_hh_income"":0.0010037446535099697,""min_temp_celsius"":10.255741109291945,""overall_homeless"":-0.0007494144304165798,""unsheltered_homeless"":0.0009790830462385281}"
2,min_temp_celsius|unsheltered_homeless,175.08621876003588,99.59471667631253,150.02222886186172,0.37643556276157175,97.80699928687034,"{""min_temp_celsius"":10.246803778050921,""unsheltered_homeless"":-4.028384661575819e-05}"
3,feat_total_population|min_temp_celsius|overall_homeless,174.96652019722936,99.81085299400338,150.06458246993796,0.3760834291878864,-1158.1930303820313,"{""feat_total_population"":2.4672706608771197e-05,""min_temp_celsius"":10.239169074395997,""overall_homeless"":-5.181808334249661e-05}"
4,feat_total_population|min_temp_celsius|overall_homeless|unsheltered_homeless,174.7953941144684,99.9484118460601,150.1624117561616,0.37526968343472944,-1241.0106016799377,"{""feat_total_population"":2.6548265983408456e-05,""min_temp_celsius"":10.23847516651325,""overall_homeless"":-0.0007413909826659785,""unsheltered_homeless"":0.0009693185530515754}"
2,min_temp_celsius|overall_homeless,175.06759970598895,100.19512762671484,150.473401555605,0.3726793422478315,99.80554854826998,"{""min_temp_celsius"":10.243759977702066,""overall_homeless"":-4.787578639459103e-05}"
2,feat_poverty_rate|min_temp_celsius,174.8161566272304,99.00451257338581,150.5475587089203,0.37206087045260383,-58.74336806931106,"{""feat_poverty_rate"":1201.8297836169513,""min_temp_celsius"":10.287328026794802}"
3,feat_unemployment_rate|min_temp_celsius|unsheltered_homeless,174.85593980183515,99.62543779380317,150.5728707104906,0.3718496982150047,-200.29214152736736,"{""feat_unemployment_rate"":4716.346907327872,""min_temp_celsius"":10.258556430842667,""unsheltered_homeless"":-4.642125964513193e-05}"
3,min_temp_celsius|overall_homeless|unsheltered_homeless,174.91213587684038,100.36422832838346,150.5981719532399,0.37163858025639773,112.00057807708743,"{""min_temp_celsius"":10.243431680032913,""overall_homeless"":-0.0007039344373659024,""unsheltered_homeless"":0.0009226092179572489}"
3,feat_poverty_rate|feat_unemployment_rate|min_temp_celsius,174.81409055914196,99.22745330043293,150.81181620686425,0.3698544811817496,-15.539060257808387,"{""feat_poverty_rate"":1462.4633457207162,""feat_unemployment_rate"":-1214.000838882604,""min_temp_celsius"":10.291939170359791}"
3,feat_unemployment_rate|min_temp_celsius|overall_homeless,174.8333524950408,100.27724346217954,151.0665050678388,0.3677243223390496,-200.7578425395511,"{""feat_unemployment_rate"":4758.29300603456,""min_temp_celsius"":10.255397717012636,""overall_homeless"":-5.365781636870309e-05}"
4,feat_unemployment_rate|min_temp_celsius|overall_homeless|unsheltered_homeless,174.65518629601547,100.34897593053361,151.18254381201865,0.3667526092005339,-202.2554444304316,"{""feat_unemployment_rate"":4988.854525902285,""min_temp_celsius"":10.255609872464317,""overall_homeless"":-0.0007568577038888363,""unsheltered_homeless"":0.0009885095079048376}"
3,feat_poverty_rate|min_temp_celsius|unsheltered_homeless,174.80157529835805,100.02366188497206,151.32767761396406,0.36553620268518916,-57.92597887490993,"{""feat_poverty_rate"":1210.3413304253713,""min_temp_celsius"":10.282368380139541,""unsheltered_homeless"":-4.669969548183366e-05}"
3,feat_median_hh_income|feat_unemployment_rate|min_temp_celsius,174.85723576289217,99.67516236894842,151.4722901882619,0.36432300382452965,-341.40433279366323,"{""feat_median_hh_income"":-0.0007874200051855065,""feat_unemployment_rate"":7900.094232415419,""min_temp_celsius"":10.26180632745626}"
4,feat_poverty_rate|feat_unemployment_rate|min_temp_celsius|unsheltered_homeless,174.79963085292601,100.22860055726774,151.57801807074628,0.3634352871526425,-16.01504562195771,"{""feat_poverty_rate"":1463.1577461974714,""feat_unemployment_rate"":-1177.7528801132714,""min_temp_celsius"":10.28686228419963,""unsheltered_homeless"":-4.650722220292185e-05}"
3,feat_poverty_rate|min_temp_celsius|overall_homeless,174.77906430126419,100.6833380474993,151.82494568912176,0.36135961098737557,-56.84225216559594,"{""feat_poverty_rate"":1218.8531313423732,""min_temp_celsius"":10.279376130168236,""overall_homeless"":-5.371593692377704e-05}"
3,feat_poverty_rate|feat_total_population|min_temp_celsius,174.7931202653409,100.0801284456205,152.03899127088448,0.3595576078612166,824.8948748712544,"{""feat_poverty_rate"":1614.662716016437,""feat_total_population"":-1.8369671324008742e-05,""min_temp_celsius"":10.30265874279121}"
4,feat_poverty_rate|feat_unemployment_rate|min_temp_celsius|overall_homeless,174.77729849808247,100.86860705513897,152.06129437104627,0.35936969687374043,-16.905864905340167,"{""feat_poverty_rate"":1459.7510177400875,""feat_unemployment_rate"":-1122.3837527153592,""min_temp_celsius"":10.283670312192653,""overall_homeless"":-5.350634001532502e-05}"
4,feat_poverty_rate|min_temp_celsius|overall_homeless|unsheltered_homeless,174.6035376910044,101.01443661947299,152.0614982782815,0.35936797876076454,-49.320913664177596,"{""feat_poverty_rate"":1261.169205901759,""min_temp_celsius"":10.28026376323461,""overall_homeless"":-0.0007511213779185437,""unsheltered_homeless"":0.0009804696899366875}"
5,feat_poverty_rate|feat_unemployment_rate|min_temp_celsius|overall_homeless|unsheltered_homeless,174.602864237796,101.1554006480592,152.21756417529457,0.3580522989991002,-24.66963626690864,"{""feat_poverty_rate"":1409.87397157158,""feat_unemployment_rate"":-693.310225962286,""min_temp_celsius"":10.28291421740509,""overall_homeless"":-0.0007493303583751324,""unsheltered_homeless"":0.0009781337485243033}"
4,feat_median_hh_income|feat_unemployment_rate|min_temp_celsius|unsheltered_homeless,174.84302231886468,100.71445548090554,152.2446158760446,0.3578241082472823,-340.9395722902433,"{""feat_median_hh_income"":-0.0007817316328326917,""feat_unemployment_rate"":7915.5301589586215,""min_temp_celsius"":10.25677201942489,""unsheltered_homeless"":-4.6116285491379124e-05}"
4,feat_median_hh_income|feat_unemployment_rate|min_temp_celsius|overall_homeless,174.8205984239173,101.38008886292486,152.73090306782643,0.353715186013297,-340.5038360041424,"{""feat_median_hh_income"":-0.0007767282048377385,""feat_unemployment_rate"":7936.868594093124,""min_temp_celsius"":10.25363085251696,""overall_homeless"":-5.34019383120325e-05}"
5,feat_median_hh_income|feat_unemployment_rate|min_temp_celsius|overall_homeless|unsheltered_homeless,174.64303121037625,101.40763363788912,152.77831359057745,0.3533138860015207,-338.6113651120852,"{""feat_median_hh_income"":-0.0007578998211379488,""feat_unemployment_rate"":8089.98818799837,""min_temp_celsius"":10.25388547789803,""overall_homeless"":-0.0007554147761181464,""unsheltered_homeless"":0.0009868321183483955}"
4,feat_poverty_rate|feat_total_population|min_temp_celsius|unsheltered_homeless,174.77911737840319,101.06470732396745,152.78443320294795,0.35326207828733347,814.6086676418699,"{""feat_poverty_rate"":1617.824327924077,""feat_total_population"":-1.8139181611166908e-05,""min_temp_celsius"":10.297605794118079,""unsheltered_homeless"":-4.5766981308140136e-05}"
4,feat_poverty_rate|feat_total_population|min_temp_celsius|overall_homeless,174.75731697805003,101.70117329641828,153.25294899949284,0.34928953325932277,801.8150482363931,"{""feat_poverty_rate"":1619.735252899051,""feat_total_population"":-1.785103587606937e-05,""min_temp_celsius"":10.29441190191789,""overall_homeless"":-5.278446379770595e-05}"
4,feat_median_hh_income|feat_poverty_rate|feat_total_population|min_temp_celsius,174.78671779695782,101.04737787054455,153.34917795019987,0.3484721024066868,355.6285940554866,"{""feat_median_hh_income"":-0.0005953160874873228,""feat_poverty_rate"":1946.1164861689185,""feat_total_population"":-9.084016033445205e-06,""min_temp_celsius"":10.303290457374475}"
5,feat_poverty_rate|feat_total_population|min_temp_celsius|overall_homeless|unsheltered_homeless,174.5861652761548,101.98460540584232,153.35143143816865,0.3484529536758497,718.2016216827557,"{""feat_poverty_rate"":1619.041741147826,""feat_total_population"":-1.5958251099135058e-05,""min_temp_celsius"":10.293694704275262,""overall_homeless"":-0.000741996008332,""unsheltered_homeless"":0.0009688111856218315}"
3,feat_median_hh_income|feat_poverty_rate|min_temp_celsius,174.78965296057933,101.1551059108696,153.50880475015475,0.34711499773666066,-91.93025619957913,"{""feat_median_hh_income"":-0.0008742895252557192,""feat_poverty_rate"":1995.08107417019,""min_temp_celsius"":10.299636793456507}"
5,feat_median_hh_income|feat_poverty_rate|feat_total_population|min_temp_celsius|unsheltered_homeless,174.77275255844881,102.00590253708324,154.08948344747583,0.3421663114873912,346.7559018525171,"{""feat_median_hh_income"":-0.0005935406635030214,""feat_poverty_rate"":1948.2852882975449,""feat_total_population"":-8.881533075211853e-06,""min_temp_celsius"":10.298242503848426,""unsheltered_homeless"":-4.5704673865556246e-05}"
4,feat_median_hh_income|feat_poverty_rate|feat_unemployment_rate|min_temp_celsius,174.7832779136835,101.61625508468528,154.19352544382502,0.3412776663314716,-205.9102785020249,"{""feat_median_hh_income"":-0.0012423412974105386,""feat_poverty_rate"":1725.7038608815117,""feat_unemployment_rate"":2810.1670671348334,""min_temp_celsius"":10.294144577431577}"
4,feat_median_hh_income|feat_poverty_rate|min_temp_celsius|unsheltered_homeless,174.77555826287187,102.11477671744031,154.24987924415473,0.34079608592478017,-90.82179656421866,"{""feat_median_hh_income"":-0.0008662591540362449,""feat_poverty_rate"":1996.1633874846991,""min_temp_celsius"":10.29464753283401,""unsheltered_homeless"":-4.591400784028187e-05}"
5,feat_median_hh_income|feat_poverty_rate|feat_total_population|min_temp_celsius|overall_homeless,174.75102758713612,102.61195561767342,154.548027743572,0.33824528193351056,336.7921509745303,"{""feat_median_hh_income"":-0.0005899794860753166,""feat_poverty_rate"":1948.2096928914982,""feat_total_population"":-8.649445541123563e-06,""min_temp_celsius"":10.295051077010685,""overall_homeless"":-5.270046661177305e-05}"
6,feat_median_hh_income|feat_poverty_rate|feat_total_population|min_temp_celsius|overall_homeless|unsheltered_homeless,174.58053671149798,102.84144956729062,154.56218158775965,0.3381240665132542,278.63601762042856,"{""feat_median_hh_income"":-0.0005578825692356999,""feat_poverty_rate"":1929.647362299669,""feat_total_population"":-7.260845766176986e-06,""min_temp_celsius"":10.29430046509296,""overall_homeless"":-0.0007406105884631374,""unsheltered_homeless"":0.0009669753774165188}"
5,feat_median_hh_income|feat_poverty_rate|min_temp_celsius|overall_homeless|unsheltered_homeless,174.58241303762293,102.9210106434497,154.68993400147136,0.33702947543109985,-79.06769192628383,"{""feat_median_hh_income"":-0.0007806498279850388,""feat_poverty_rate"":1968.729130743581,""min_temp_celsius"":10.2913543424889,""overall_homeless"":-0.0007422234032283434,""unsheltered_homeless"":0.0009690096210357254}"
4,feat_median_hh_income|feat_poverty_rate|min_temp_celsius|overall_homeless,174.75368868198024,102.71560664633024,154.70556599624948,0.33689547737256054,-89.34627659654885,"{""feat_median_hh_income"":-0.000855537121263862,""feat_poverty_rate"":1994.830928940167,""min_temp_celsius"":10.291541992706714,""overall_homeless"":-5.289787079174848e-05}"
5,feat_median_hh_income|feat_poverty_rate|feat_unemployment_rate|min_temp_celsius|unsheltered_homeless,174.76910533521317,102.57245957598123,154.94738600175643,0.3348208621355324,-205.489186752295,"{""feat_median_hh_income"":-0.001236518263813485,""feat_poverty_rate"":1725.1574420165891,""feat_unemployment_rate"":2827.189182739042,""min_temp_celsius"":10.28910833395839,""unsheltered_homeless"":-4.604021819767667e-05}"
5,feat_median_hh_income|feat_poverty_rate|feat_unemployment_rate|min_temp_celsius|overall_homeless,174.74707461384202,103.17807258826713,155.4144507105797,0.3308046607769163,-205.42628975773565,"{""feat_median_hh_income"":-0.0012303353021626737,""feat_poverty_rate"":1720.4694921960565,""feat_unemployment_rate"":2862.1542423398278,""min_temp_celsius"":10.285921223780191,""overall_homeless"":-5.307397481602986e-05}"
6,feat_median_hh_income|feat_poverty_rate|feat_unemployment_rate|min_temp_celsius|overall_homeless|unsheltered_homeless,174.57424101252525,103.36433232201408,155.4299920062318,0.3306708163040061,-208.01503778884123,"{""feat_median_hh_income"":-0.0011967956787105089,""feat_poverty_rate"":1663.7154398898872,""feat_unemployment_rate"":3180.6256568616122,""min_temp_celsius"":10.285107259497396,""overall_homeless"":-0.0007456965738230913,""unsheltered_homeless"":0.0009736168812094981}"
3,feat_total_population|feat_unemployment_rate|min_temp_celsius,174.7171792487845,104.57357416453198,157.5831032627768,0.311998461522351,3584.470071268134,"{""feat_total_population"":-8.702130855147376e-05,""feat_unemployment_rate"":15013.562153977666,""min_temp_celsius"":10.304897812042396}"
4,feat_median_hh_income|feat_total_population|max_temp_celsius|min_temp_celsius,172.0833731060942,111.75657075111091,158.21551212277976,0.30646523717597196,919.5656782583611,"{""feat_median_hh_income"":0.0017296984110818756,""feat_total_population"":-2.229419463300133e-05,""max_temp_celsius"":7.588078057718721,""min_temp_celsius"":4.1184750940640384}"
3,feat_median_hh_income|max_temp_celsius|min_temp_celsius,172.10183445423937,111.7198800907277,158.25267569979627,0.30613938720958045,-171.76995063393898,"{""feat_median_hh_income"":0.001153711152784894,""max_temp_celsius"":7.580860339859119,""min_temp_celsius"":4.1131901749542585}"
4,feat_total_population|feat_unemployment_rate|min_temp_celsius|unsheltered_homeless,174.70361297044406,105.5650119509743,158.32425548506464,0.30551156052880557,3573.597908608488,"{""feat_total_population"":-8.678384001108645e-05,""feat_unemployment_rate"":15023.167122032006,""min_temp_celsius"":10.29985581551688,""unsheltered_homeless"":-4.5036978545281027e-05}"
3,feat_total_population|max_temp_celsius|min_temp_celsius,172.21319387199006,111.78071036195723,158.5072548390815,0.30390518146148504,-1605.7163532759362,"{""feat_total_population"":2.9928048671725682e-05,""max_temp_celsius"":7.527165986271993,""min_temp_celsius"":4.1368221636626235}"
5,feat_total_population|feat_unemployment_rate|min_temp_celsius|overall_homeless|unsheltered_homeless,174.50953447759107,106.11101546469641,158.6759394275877,0.30242281463847265,3486.7047221043845,"{""feat_total_population"":-8.48300374448571e-05,""feat_unemployment_rate"":15059.003155813993,""min_temp_celsius"":10.29602952507109,""overall_homeless"":-0.0007439994517286943,""unsheltered_homeless"":0.0009722801908711553}"
4,feat_total_population|feat_unemployment_rate|min_temp_celsius|overall_homeless,174.68198814291154,106.18657472746021,158.78323970567826,0.3014790605449238,3561.0898494865487,"{""feat_total_population"":-8.650671007179963e-05,""feat_unemployment_rate"":15031.339121654124,""min_temp_celsius"":10.296619819599721,""overall_homeless"":-5.2318723203243097e-05}"
2,max_temp_celsius|min_temp_celsius,172.36425771011253,112.06771831669784,158.8869831204625,0.30056598405931856,-77.53707145762613,"{""max_temp_celsius"":7.44743169214934,""min_temp_celsius"":4.206356485691879}"
5,feat_median_hh_income|feat_total_population|max_temp_celsius|min_temp_celsius|unsheltered_homeless,172.06134983250078,113.26567390644779,159.33016893199428,0.29665865898209676,909.2848838628754,"{""feat_median_hh_income"":0.0017352000454528447,""feat_total_population"":-2.2060847552147286e-05,""max_temp_celsius"":7.600109201831592,""min_temp_celsius"":4.102383951653196,""unsheltered_homeless"":-5.695812240969378e-05}"
4,feat_median_hh_income|max_temp_celsius|min_temp_celsius|unsheltered_homeless,172.07942741711497,113.25544070519786,159.37962727483912,0.29622193696688714,-170.61812678659592,"{""feat_median_hh_income"":0.001165341593754173,""max_temp_celsius"":7.593072143457569,""min_temp_celsius"":4.097015120791112,""unsheltered_homeless"":-5.745264870793166e-05}"
4,feat_total_population|max_temp_celsius|min_temp_celsius|unsheltered_homeless,172.1920063547409,113.2859264916576,159.6099661519614,0.29418623651824183,-1623.684710034473,"{""feat_total_population"":3.0319982453847726e-05,""max_temp_celsius"":7.5387806548262235,""min_temp_celsius"":4.121091051299177,""unsheltered_homeless"":-5.588639552024709e-05}"
3,feat_unemployment_rate|max_temp_celsius|min_temp_celsius,172.03553210333013,112.4734741843607,159.6787179836521,0.2935780484269537,-434.869231490575,"{""feat_unemployment_rate"":5595.847040251553,""max_temp_celsius"":7.5908659510610565,""min_temp_celsius"":4.104690913194041}"
6,feat_median_hh_income|feat_total_population|max_temp_celsius|min_temp_celsius|overall_homeless|unsheltered_homeless,171.8364698955894,114.02663987430977,159.8296596069583,0.2922418794682494,829.8512026482415,"{""feat_median_hh_income"":0.0017542055002716312,""feat_total_population"":-2.023505168198975e-05,""max_temp_celsius"":7.637175663290664,""min_temp_celsius"":4.068392918243708,""overall_homeless"":-0.0007948872458647842,""unsheltered_homeless"":0.0010298756306158319}"
5,feat_median_hh_income|max_temp_celsius|min_temp_celsius|overall_homeless|unsheltered_homeless,171.85169067816759,113.99480789299916,159.86914742250508,0.29189211616893807,-160.61639669970762,"{""feat_median_hh_income"":0.001231913417855058,""max_temp_celsius"":7.63095078939988,""min_temp_celsius"":4.063263673849082,""overall_homeless"":-0.0007997387326392389,""unsheltered_homeless"":0.0010360556247974663}"
3,max_temp_celsius|min_temp_celsius|unsheltered_homeless,172.34688060712293,113.42089593885369,159.88853403964762,0.2917203675981065,-75.68585007240341,"{""max_temp_celsius"":7.457002985446857,""min_temp_celsius"":4.192936908764021,""unsheltered_homeless"":-5.060367606331516e-05}"
5,feat_median_hh_income|feat_total_population|max_temp_celsius|min_temp_celsius|overall_homeless,172.03290828941505,114.06963411369043,159.91571486041443,0.29147953409205507,898.0025221101174,"{""feat_median_hh_income"":0.0017393988347566447,""feat_total_population"":-2.1802978997701265e-05,""max_temp_celsius"":7.608939537474649,""min_temp_celsius"":4.091793021629026,""overall_homeless"":-6.219160286966748e-05}"
4,feat_median_hh_income|max_temp_celsius|min_temp_celsius|overall_homeless,172.05056715316456,114.06752450624143,159.96910665420214,0.29100634115108726,-169.26776429062514,"{""feat_median_hh_income"":0.0011762790112057233,""max_temp_celsius"":7.602046553784863,""min_temp_celsius"":4.086415131328278,""overall_homeless"":-6.268185641857156e-05}"
5,feat_total_population|max_temp_celsius|min_temp_celsius|overall_homeless|unsheltered_homeless,171.97016840159438,113.96667838257324,160.08200997966458,0.29000519797262425,-1730.1715515210192,"{""feat_total_population"":3.2704047863784216e-05,""max_temp_celsius"":7.574941024148115,""min_temp_celsius"":4.087522483688852,""overall_homeless"":-0.0007897684948270998,""unsheltered_homeless"":0.0010239602524439496}"
4,feat_total_population|max_temp_celsius|min_temp_celsius|overall_homeless,172.16421654822065,114.09031695380419,160.19447510147808,0.2890072382272376,-1640.9231635211152,"{""feat_total_population"":3.070075447009308e-05,""max_temp_celsius"":7.547388029280214,""min_temp_celsius"":4.110628763394387,""overall_homeless"":-6.128893364112462e-05}"
4,max_temp_celsius|min_temp_celsius|overall_homeless|unsheltered_homeless,172.14979892127366,114.10116203192685,160.35862111559516,0.28754942989071086,-61.352320272796845,"{""max_temp_celsius"":7.484978453372036,""min_temp_celsius"":4.16666542334256,""overall_homeless"":-0.0007431554497986016,""unsheltered_homeless"":0.0009659000454631216}"
3,max_temp_celsius|min_temp_celsius|overall_homeless,172.32289689603715,114.17612230741436,160.44391305809785,0.28679134837438813,-73.6347374310671,"{""max_temp_celsius"":7.464113500467914,""min_temp_celsius"":4.183948535648611,""overall_homeless"":-5.6289582942880236e-05}"
3,feat_poverty_rate|max_temp_celsius|min_temp_celsius,171.95985723256067,112.78756360942128,160.58715749807106,0.2855172734953195,-266.2718521268183,"{""feat_poverty_rate"":1433.0746941759564,""max_temp_celsius"":7.620294447212219,""min_temp_celsius"":4.109004576768707}"
4,feat_median_hh_income|feat_unemployment_rate|max_temp_celsius|min_temp_celsius,172.02783335962584,113.16064497615392,160.83427407837053,0.28331664451274063,-542.3862909049817,"{""feat_median_hh_income"":-0.0005986851882404142,""feat_unemployment_rate"":8045.340541849119,""max_temp_celsius"":7.5844130729994905,""min_temp_celsius"":4.1085343922031665}"
4,feat_unemployment_rate|max_temp_celsius|min_temp_celsius|unsheltered_homeless,172.01256555564527,114.02550060489334,160.85770483649173,0.283107812687173,-435.95443337073505,"{""feat_unemployment_rate"":5646.156739514719,""max_temp_celsius"":7.603154752362767,""min_temp_celsius"":4.088355219939538,""unsheltered_homeless"":-5.815331775908352e-05}"
4,feat_poverty_rate|feat_unemployment_rate|max_temp_celsius|min_temp_celsius,171.9575062606036,112.94975456659562,160.87080493803697,0.28299104186948476,-220.57215279704357,"{""feat_poverty_rate"":1708.8282517696096,""feat_unemployment_rate"":-1284.3798433546049,""max_temp_celsius"":7.620635288191307,""min_temp_celsius"":4.113606696733302}"
4,feat_median_hh_income|feat_total_population|feat_unemployment_rate|min_temp_celsius,174.70278013627438,107.3191453403123,161.29889323111095,0.2791699440693737,3452.1838189953705,"{""feat_median_hh_income"":-0.0008250779688043027,""feat_total_population"":-8.739301192337274e-05,""feat_unemployment_rate"":18434.55761968078,""min_temp_celsius"":10.30315546580678}"
5,feat_unemployment_rate|max_temp_celsius|min_temp_celsius|overall_homeless|unsheltered_homeless,171.78060557185984,114.73955032333109,161.3669741370541,0.2785613209229446,-439.22626922132815,"{""feat_unemployment_rate"":5941.368411869517,""max_temp_celsius"":7.641175266931938,""min_temp_celsius"":4.05435859010146,""overall_homeless"":-0.0008070017351516738,""unsheltered_homeless"":0.0010452859652837873}"
4,feat_unemployment_rate|max_temp_celsius|min_temp_celsius|overall_homeless,171.98310191860475,114.8361923907234,161.47270378095692,0.27761562005680385,-436.7432557040016,"{""feat_unemployment_rate"":5693.998073999357,""max_temp_celsius"":7.612163559698668,""min_temp_celsius"":4.077678957167026,""overall_homeless"":-6.337551995034615e-05}"
4,feat_poverty_rate|max_temp_celsius|min_temp_celsius|unsheltered_homeless,171.9366014098356,114.31205345983595,161.76711645374337,0.2749789762194822,-265.58549649854865,"{""feat_poverty_rate"":1444.1135076744026,""max_temp_celsius"":7.632691162289743,""min_temp_celsius"":4.092740592769785,""unsheltered_homeless"":-5.850185513038652e-05}"
5,feat_median_hh_income|feat_unemployment_rate|max_temp_celsius|min_temp_celsius|unsheltered_homeless,172.00505661937135,114.65949120417659,162.00240643218248,0.2728683588535973,-542.1290713326761,"{""feat_median_hh_income"":-0.0005912352053959591,""feat_unemployment_rate"":8064.96085195753,""max_temp_celsius"":7.596731337092087,""min_temp_celsius"":4.092218448512785,""unsheltered_homeless"":-5.791274889682784e-05}"
5,feat_median_hh_income|feat_total_population|feat_unemployment_rate|min_temp_celsius|unsheltered_homeless,174.68940888458673,108.26641808640116,162.00576579061513,0.2728382022504877,3442.2909640280627,"{""feat_median_hh_income"":-0.0008194602146204056,""feat_total_population"":-8.715472938106138e-05,""feat_unemployment_rate"":18420.80042117535,""min_temp_celsius"":10.298161785111821,""unsheltered_homeless"":-4.4711368921514146e-05}"
5,feat_poverty_rate|feat_unemployment_rate|max_temp_celsius|min_temp_celsius|unsheltered_homeless,171.934413422051,114.44332384041071,162.03289237478512,0.27259466687941014,-221.50088906508662,"{""feat_poverty_rate"":1710.0977237072746,""feat_unemployment_rate"":-1239.0546679116542,""max_temp_celsius"":7.632977160292171,""min_temp_celsius"":4.097236477371073,""unsheltered_homeless"":-5.8299806101556896e-05}"
4,feat_poverty_rate|feat_total_population|max_temp_celsius|min_temp_celsius,171.93578339735845,113.76662708519231,162.0961390893678,0.27202669607255836,629.6103061763745,"{""feat_poverty_rate"":1851.6655029533808,""feat_total_population"":-1.862469985644169e-05,""max_temp_celsius"":7.621166497241909,""min_temp_celsius"":4.123841097101345}"
6,feat_median_hh_income|feat_total_population|feat_unemployment_rate|min_temp_celsius|overall_homeless|unsheltered_homeless,174.49614534970112,108.65538155479425,162.18082214084257,0.27126587469732033,3359.470100101898,"{""feat_median_hh_income"":-0.0007951892708409912,""feat_total_population"":-8.519406203258744e-05,""feat_unemployment_rate"":18355.929029532846,""min_temp_celsius"":10.294393738396982,""overall_homeless"":-0.000742430354292116,""unsheltered_homeless"":0.0009704506278840763}"
4,feat_poverty_rate|max_temp_celsius|min_temp_celsius|overall_homeless,171.90725452965265,115.10781361485081,162.38583646347442,0.26942231069664735,-264.60635575438096,"{""feat_poverty_rate"":1453.8313644019306,""max_temp_celsius"":7.64160373239137,""min_temp_celsius"":4.082333865110728,""overall_homeless"":-6.345570759492858e-05}"
5,feat_poverty_rate|max_temp_celsius|min_temp_celsius|overall_homeless|unsheltered_homeless,171.70812537762134,115.12265537129696,162.41936995483522,0.26912054361238635,-257.42044481420714,"{""feat_poverty_rate"":1499.392632601901,""max_temp_celsius"":7.669540034280359,""min_temp_celsius"":4.060616300742151,""overall_homeless"":-0.0008002226714404175,""unsheltered_homeless"":0.0010357572836895102}"
5,feat_median_hh_income|feat_total_population|feat_unemployment_rate|min_temp_celsius|overall_homeless,174.6679562575803,108.84438485594431,162.43435297201316,0.2689856916602812,3430.632420300794,"{""feat_median_hh_income"":-0.0008144352590210849,""feat_total_population"":-8.687631412420614e-05,""feat_unemployment_rate"":18408.113938824587,""min_temp_celsius"":10.294943304935988,""overall_homeless"":-5.2044700339468315e-05}"
6,feat_median_hh_income|feat_unemployment_rate|max_temp_celsius|min_temp_celsius|overall_homeless|unsheltered_homeless,171.77374304398313,115.37028205185555,162.44339198130083,0.26890433166653716,-540.6584338480754,"{""feat_median_hh_income"":-0.0005648518627357308,""feat_unemployment_rate"":8251.827296090632,""max_temp_celsius"":7.634985912397084,""min_temp_celsius"":4.058096439276614,""overall_homeless"":-0.0008058857244239868,""unsheltered_homeless"":0.0010439898410417067}"
6,feat_poverty_rate|feat_unemployment_rate|max_temp_celsius|min_temp_celsius|overall_homeless|unsheltered_homeless,171.70738022465915,115.20817119123214,162.58401414064468,0.26763801052837255,-231.7081824025153,"{""feat_poverty_rate"":1654.5133746079534,""feat_unemployment_rate"":-723.2118852520779,""max_temp_celsius"":7.669620959262423,""min_temp_celsius"":4.063315439432841,""overall_homeless"":-0.0007983549256372274,""unsheltered_homeless"":0.0010333211792711945}"
5,feat_median_hh_income|feat_unemployment_rate|max_temp_celsius|min_temp_celsius|overall_homeless,171.97573671376475,115.44838599377782,162.60818007544756,0.26742028275871144,-541.8873501433342,"{""feat_median_hh_income"":-0.0005855049516266475,""feat_unemployment_rate"":8089.253900818897,""max_temp_celsius"":7.60578518771721,""min_temp_celsius"":4.081523502610691,""overall_homeless"":-6.317449431841171e-05}"
5,feat_poverty_rate|feat_unemployment_rate|max_temp_celsius|min_temp_celsius|overall_homeless,171.90528260945166,115.22296751210385,162.63552304272156,0.2671738918656117,-222.75808019690035,"{""feat_poverty_rate"":1706.308285028343,""feat_unemployment_rate"":-1176.2982506666642,""max_temp_celsius"":7.641842226847373,""min_temp_celsius"":4.086640911488021,""overall_homeless"":-6.323634650197452e-05}"
5,feat_median_hh_income|feat_poverty_rate|feat_total_population|max_temp_celsius|min_temp_celsius,171.93203049689282,114.31050360411069,163.03017452084518,0.2636130239683223,273.3381585793644,"{""feat_median_hh_income"":-0.00045207285857635804,""feat_poverty_rate"":2103.26795031323,""feat_total_population"":-1.157322661679622e-05,""max_temp_celsius"":7.618019252752456,""min_temp_celsius"":4.1268724210184065}"
4,feat_median_hh_income|feat_poverty_rate|max_temp_celsius|min_temp_celsius,171.93687334467535,114.35620038558962,163.19867823463125,0.2620900167635086,-296.7870274531756,"{""feat_median_hh_income"":-0.0008075150228486791,""feat_poverty_rate"":2165.5881359070477,""max_temp_celsius"":7.61526244092802,""min_temp_celsius"":4.12445306354076}"
5,feat_poverty_rate|feat_total_population|max_temp_celsius|min_temp_celsius|unsheltered_homeless,171.91327301529387,115.20242476799041,163.23157907263555,0.2617924616081646,616.3613878891236,"{""feat_poverty_rate"":1856.020674575256,""feat_total_population"":-1.8335225950280208e-05,""max_temp_celsius"":7.6333500934298595,""min_temp_celsius"":4.1076083381060915,""unsheltered_homeless"":-5.7560079264075376e-05}"
4,feat_poverty_rate|feat_total_population|feat_unemployment_rate|min_temp_celsius,174.69925855998673,109.92355338628,163.4871155537526,0.2594793477678923,5181.169636201178,"{""feat_poverty_rate"":-1399.5913299336976,""feat_total_population"":-0.00012779249759168522,""feat_unemployment_rate"":25494.370591683633,""min_temp_celsius"":10.297144034386541}"
5,feat_median_hh_income|feat_poverty_rate|feat_unemployment_rate|max_temp_celsius|min_temp_celsius,171.93248500160124,114.7244080519922,163.702716114273,0.25752491922820986,-390.5149254228796,"{""feat_median_hh_income"":-0.0011104100542391742,""feat_poverty_rate"":1943.85921283874,""feat_unemployment_rate"":2312.5116500732665,""max_temp_celsius"":7.6127612789846415,""min_temp_celsius"":4.121961651296565}"
6,feat_poverty_rate|feat_total_population|max_temp_celsius|min_temp_celsius|overall_homeless|unsheltered_homeless,171.69034302776373,115.94678821674096,163.70937800574993,0.2574644878661093,512.6345422019889,"{""feat_poverty_rate"":1858.4526986717158,""feat_total_population"":-1.6010992374516706e-05,""max_temp_celsius"":7.66969388622195,""min_temp_celsius"":4.073966863502137,""overall_homeless"":-0.0007910681279112899,""unsheltered_homeless"":0.001024061357640605}"
5,feat_poverty_rate|feat_total_population|max_temp_celsius|min_temp_celsius|overall_homeless,171.88474544339513,115.95052335159195,163.81720056656482,0.25648606565591503,601.737945667739,"{""feat_poverty_rate"":1858.3252587319662,""feat_total_population"":-1.8011143015226442e-05,""max_temp_celsius"":7.642131673474331,""min_temp_celsius"":4.0970763541016675,""overall_homeless"":-6.251655292217709e-05}"
5,feat_poverty_rate|feat_total_population|feat_unemployment_rate|min_temp_celsius|unsheltered_homeless,174.68612610232552,110.79127057275993,164.1288348220798,0.2536545583461324,5151.125228457159,"{""feat_poverty_rate"":-1382.6326965132382,""feat_total_population"":-0.0001270648269876795,""feat_unemployment_rate"":25376.82686038778,""min_temp_celsius"":10.292277013897367,""unsheltered_homeless"":-4.431323223663982e-05}"
6,feat_median_hh_income|feat_poverty_rate|feat_total_population|max_temp_celsius|min_temp_celsius|unsheltered_homeless,171.90956043205762,115.73196383594555,164.15844169077766,0.25338527056948457,262.0424165138112,"{""feat_median_hh_income"":-0.000449609704574847,""feat_poverty_rate"":2106.248310676715,""feat_total_population"":-1.1322435355855242e-05,""max_temp_celsius"":7.630208979239622,""min_temp_celsius"":4.110637824997106,""unsheltered_homeless"":-5.750802750336771e-05}"
5,feat_median_hh_income|feat_poverty_rate|max_temp_celsius|min_temp_celsius|unsheltered_homeless,171.91419580454567,115.78194912721487,164.3297434143819,0.25182625088613253,-295.7233467504142,"{""feat_median_hh_income"":-0.000797302997377676,""feat_poverty_rate"":2167.2254654178564,""max_temp_celsius"":7.627567876706942,""min_temp_celsius"":4.108196956798911,""unsheltered_homeless"":-5.77707881998294e-05}"
6,feat_poverty_rate|feat_total_population|feat_unemployment_rate|min_temp_celsius|overall_homeless|unsheltered_homeless,174.49135467831636,111.54798621322449,164.45393271770885,0.25069498536789936,5094.162772272203,"{""feat_poverty_rate"":-1408.9988401290589,""feat_total_population"":-0.00012587574671061317,""feat_unemployment_rate"":25610.16489205922,""min_temp_celsius"":10.288299508593475,""overall_homeless"":-0.0007453005548199852,""unsheltered_homeless"":0.0009747968195725809}"
5,feat_poverty_rate|feat_total_population|feat_unemployment_rate|min_temp_celsius|overall_homeless,174.66470883174912,111.35326861518507,164.53495624654474,0.2499564649670255,5129.145898133845,"{""feat_poverty_rate"":-1374.2968542333015,""feat_total_population"":-0.00012654574486702284,""feat_unemployment_rate"":25322.568307083722,""min_temp_celsius"":10.289081675900091,""overall_homeless"":-5.184154082152875e-05}"
7,feat_median_hh_income|feat_poverty_rate|feat_total_population|max_temp_celsius|min_temp_celsius|overall_homeless|unsheltered_homeless,171.68723883197168,116.40680987956577,164.5457313608483,0.24985822360070653,188.97111079785586,"{""feat_median_hh_income"":-0.0004108824946550606,""feat_poverty_rate"":2087.1237485984534,""feat_total_population"":-9.60530199313555e-06,""max_temp_celsius"":7.6667755961767545,""min_temp_celsius"":4.0767795918653285,""overall_homeless"":-0.0007900290894348207,""unsheltered_homeless"":0.0010226882560935493}"
6,feat_median_hh_income|feat_poverty_rate|max_temp_celsius|min_temp_celsius|overall_homeless|unsheltered_homeless,171.69057756963997,116.44325774219398,164.68641964646898,0.24857491741135807,-284.174331493719,"{""feat_median_hh_income"":-0.0007056001050935393,""feat_poverty_rate"":2138.777135566866,""max_temp_celsius"":7.66463421888355,""min_temp_celsius"":4.074619052198852,""overall_homeless"":-0.0007921487178564615,""unsheltered_homeless"":0.0010253635927538298}"
5,feat_median_hh_income|feat_poverty_rate|feat_total_population|feat_unemployment_rate|min_temp_celsius,174.6937035570427,110.49078424480535,164.72684556089334,0.24820596440954668,4725.026829562062,"{""feat_median_hh_income"":-0.0005544601633490576,""feat_poverty_rate"":-1077.681539046122,""feat_total_population"":-0.00011866480235161181,""feat_unemployment_rate"":25382.69744793749,""min_temp_celsius"":10.297756551152524}"
6,feat_median_hh_income|feat_poverty_rate|feat_total_population|max_temp_celsius|min_temp_celsius|overall_homeless,171.88110224005555,116.46836239612344,164.7331109499282,0.2481487743180486,250.79057211786622,"{""feat_median_hh_income"":-0.00044535439858695757,""feat_poverty_rate"":2106.181354296264,""feat_total_population"":-1.106512644497648e-05,""max_temp_celsius"":7.6390086040897875,""min_temp_celsius"":4.1000914767390375,""overall_homeless"":-6.244916918995885e-05}"
6,feat_median_hh_income|feat_poverty_rate|feat_unemployment_rate|max_temp_celsius|min_temp_celsius|unsheltered_homeless,171.9097284390968,116.14782643429083,164.84627910039586,0.24711540782419272,-390.28400367781626,"{""feat_median_hh_income"":-0.0011028774503026033,""feat_poverty_rate"":1943.5249870656082,""feat_unemployment_rate"":2333.103532682111,""max_temp_celsius"":7.625065799723348,""min_temp_celsius"":4.105655146370385,""unsheltered_homeless"":-5.7871052217257064e-05}"
5,feat_median_hh_income|feat_poverty_rate|max_temp_celsius|min_temp_celsius|overall_homeless,171.88552969574934,116.51728009477081,164.90236296002593,0.24660302917862242,-294.2944587153361,"{""feat_median_hh_income"":-0.0007851024545656856,""feat_poverty_rate"":2165.7661972626674,""max_temp_celsius"":7.636457085768871,""min_temp_celsius"":4.097671865832947,""overall_homeless"":-6.269843214495642e-05}"
7,feat_median_hh_income|feat_poverty_rate|feat_unemployment_rate|max_temp_celsius|min_temp_celsius|overall_homeless|unsheltered_homeless,171.6845563228656,116.77689106848388,165.2478832581875,0.24344253275494754,-393.86906207509764,"{""feat_median_hh_income"":-0.0010598788505487794,""feat_poverty_rate"":1879.0673613361162,""feat_unemployment_rate"":2707.5649438779888,""max_temp_celsius"":7.661868062725426,""min_temp_celsius"":4.071544721542879,""overall_homeless"":-0.0007950872993061421,""unsheltered_homeless"":0.0010292652673917868}"
6,feat_median_hh_income|feat_poverty_rate|feat_total_population|feat_unemployment_rate|min_temp_celsius|unsheltered_homeless,174.68060133535292,111.36293613922699,165.36393733626204,0.24237949449636986,4696.276890406468,"{""feat_median_hh_income"":-0.0005529292651470063,""feat_poverty_rate"":-1061.6314939845006,""feat_total_population"":-0.00011796318234576152,""feat_unemployment_rate"":25265.599137425954,""min_temp_celsius"":10.292893515729805,""unsheltered_homeless"":-4.426155492881273e-05}"
6,feat_median_hh_income|feat_poverty_rate|feat_unemployment_rate|max_temp_celsius|min_temp_celsius|overall_homeless,171.8809089015412,116.88114885248177,165.42977379761916,0.2417761104317553,-390.4554169815606,"{""feat_median_hh_income"":-0.0010958275761825142,""feat_poverty_rate"":1938.2684454369592,""feat_unemployment_rate"":2372.6816138408367,""max_temp_celsius"":7.6339391026725,""min_temp_celsius"":4.0950546515951896,""overall_homeless"":-6.284118725797187e-05}"
7,feat_median_hh_income|feat_poverty_rate|feat_total_population|feat_unemployment_rate|min_temp_celsius|overall_homeless|unsheltered_homeless,174.4865249933237,112.02326989687201,165.59892052152102,0.24022479774717898,4669.198441589015,"{""feat_median_hh_income"":-0.000516721706298193,""feat_poverty_rate"":-1108.9719440032363,""feat_total_population"":-0.00011737217520724091,""feat_unemployment_rate"":25505.8147318045,""min_temp_celsius"":10.288882559401712,""overall_homeless"":-0.000744003886249091,""unsheltered_homeless"":0.0009730720782200785}"
6,feat_median_hh_income|feat_poverty_rate|feat_total_population|feat_unemployment_rate|min_temp_celsius|overall_homeless,174.65925191412398,111.92178433450545,165.7607289211887,0.23873930410760802,4677.164195872979,"{""feat_median_hh_income"":-0.0005494925664199275,""feat_poverty_rate"":-1055.3073280337132,""feat_total_population"":-0.00011750161001106675,""feat_unemployment_rate"":25212.141324848904,""min_temp_celsius"":10.289700231028576,""overall_homeless"":-5.176742058577785e-05}"
3,feat_median_hh_income|feat_total_population|max_temp_celsius,173.08434512913422,121.52735382741284,168.03047863385143,0.2177487948923672,745.3155542369396,"{""feat_median_hh_income"":0.0017892613203494816,""feat_total_population"":-2.0738622385664935e-05,""max_temp_celsius"":11.576514370278106}"
2,feat_median_hh_income|max_temp_celsius,173.10022924402128,121.46081671389976,168.0415740907693,0.21764548362196245,-269.7552709095113,"{""feat_median_hh_income"":0.0012533443555533207,""max_temp_celsius"":11.565038299811018}"
4,feat_total_population|feat_unemployment_rate|max_temp_celsius|min_temp_celsius,171.8537481446319,118.87133641434069,168.19327476779168,0.21623229427625767,3653.6459751923803,"{""feat_total_population"":-9.404489227777734e-05,""feat_unemployment_rate"":16770.62174335679,""max_temp_celsius"":7.62674642619921,""min_temp_celsius"":4.120169471965037}"
2,feat_total_population|max_temp_celsius,173.2224755120869,121.48324574305228,168.30340829012354,0.2152055307596008,-1868.1295470373218,"{""feat_total_population"":3.329737409634419e-05,""max_temp_celsius"":11.531877528883369}"
1,max_temp_celsius,173.408712315618,121.91367536826952,168.8336503743424,0.2102527306654427,-169.59972904413038,"{""max_temp_celsius"":11.518032439936018}"
4,feat_median_hh_income|feat_total_population|max_temp_celsius|unsheltered_homeless,173.0539754476091,123.26656946083563,169.3058000434324,0.20582943831795963,734.0136113499362,"{""feat_median_hh_income"":0.0017954643502909849,""feat_total_population"":-2.0471061081782587e-05,""max_temp_celsius"":11.572332730351102,""unsheltered_homeless"":-6.705606676620541e-05}"
5,feat_total_population|feat_unemployment_rate|max_temp_celsius|min_temp_celsius|unsheltered_homeless,171.8318841883891,120.18088416675633,169.31682900847028,0.2057259667931408,3640.0629722639223,"{""feat_total_population"":-9.375679677205516e-05,""feat_unemployment_rate"":16785.45238412412,""max_temp_celsius"":7.6386208500768635,""min_temp_celsius"":4.104191087697249,""unsheltered_homeless"":-5.6712535988325306e-05}"
3,feat_median_hh_income|max_temp_celsius|unsheltered_homeless,173.06945373200958,123.21301144878939,169.3284646565686,0.20561679618375805,-267.94923062555097,"{""feat_median_hh_income"":0.0012665489443012162,""max_temp_celsius"":11.560977851358507,""unsheltered_homeless"":-6.750273485289914e-05}"
2,feat_unemployment_rate|max_temp_celsius,173.03029342453488,122.20212830185052,169.4381941148538,0.2045868986744982,-551.3739647702998,"{""feat_unemployment_rate"":6016.073807641874,""max_temp_celsius"":11.56646534677005}"
6,feat_total_population|feat_unemployment_rate|max_temp_celsius|min_temp_celsius|overall_homeless|unsheltered_homeless,171.60757577449152,120.68689947872426,169.56210629257856,0.20342308304667833,3547.727478211799,"{""feat_total_population"":-9.170687365556644e-05,""feat_unemployment_rate"":16832.10827906485,""max_temp_celsius"":7.675221546067814,""min_temp_celsius"":4.0704243998390375,""overall_homeless"":-0.0007933245358674578,""unsheltered_homeless"":0.0010279939780771105}"
3,feat_total_population|max_temp_celsius|unsheltered_homeless,173.19308163393316,123.20503640689624,169.56971583729802,0.20335158448111523,-1888.1694825695945,"{""feat_total_population"":3.374506717644715e-05,""max_temp_celsius"":11.527609784726726,""unsheltered_homeless"":-6.59945966259619e-05}"
5,feat_median_hh_income|feat_total_population|max_temp_celsius|overall_homeless|unsheltered_homeless,172.81373479634482,123.89877048175434,169.61645782469287,0.20291233078297966,653.1946221275371,"{""feat_median_hh_income"":0.0018146438660591627,""feat_total_population"":-1.859248084245859e-05,""max_temp_celsius"":11.57663777564525,""overall_homeless"":-0.0008238112034442938,""unsheltered_homeless"":0.0010594115594042774}"
4,feat_median_hh_income|max_temp_celsius|overall_homeless|unsheltered_homeless,172.82651352779783,123.84781096374655,169.63098595071844,0.20277577933982105,-256.760718455869,"{""feat_median_hh_income"":0.0013346294608873757,""max_temp_celsius"":11.56635362525688,""overall_homeless"":-0.0008282358199529731,""unsheltered_homeless"":0.0010650562582942894}"
4,feat_total_population|max_temp_celsius|overall_homeless|unsheltered_homeless,172.95601551511635,123.83160053291681,169.85407066285813,0.200677513145611,-1996.3181294146762,"{""feat_total_population"":3.6187415128360226e-05,""max_temp_celsius"":11.531413139838094,""overall_homeless"":-0.0008186559448118958,""unsheltered_homeless"":0.0010534350707012165}"
4,feat_median_hh_income|feat_total_population|max_temp_celsius|overall_homeless,173.020455248584,124.07634671631682,169.87788471601283,0.20045336258501278,722.2666425886498,"{""feat_median_hh_income"":0.001799767696241125,""feat_total_population"":-2.0195920935220562e-05,""max_temp_celsius"":11.570899277175698,""overall_homeless"":-7.014930633579852e-05}"
5,feat_total_population|feat_unemployment_rate|max_temp_celsius|min_temp_celsius|overall_homeless,171.8035660467466,120.86098884050165,169.88849130225472,0.20035351762728204,3626.1379480315404,"{""feat_total_population"":-9.345430008897298e-05,""feat_unemployment_rate"":16796.425468435045,""max_temp_celsius"":7.647347654088872,""min_temp_celsius"":4.093657755711175,""overall_homeless"":-6.197379779392532e-05}"
3,feat_median_hh_income|max_temp_celsius|overall_homeless,173.03552194169336,124.02581148193109,169.90418595822257,0.20020576475660323,-266.2188983785617,"{""feat_median_hh_income"":0.001278030375411239,""max_temp_celsius"":11.559689844844282,""overall_homeless"":-7.059377924796595e-05}"
2,max_temp_celsius|unsheltered_homeless,173.38417088417353,123.49020101175243,169.99636501457096,0.19933769577429394,-167.043801471239,"{""max_temp_celsius"":11.513962863700153,""unsheltered_homeless"":-6.030003237570628e-05}"
3,feat_total_population|max_temp_celsius|overall_homeless,173.16025305750378,124.01409201482502,170.14122639263385,0.19797255525823998,-1906.0338270444313,"{""feat_total_population"":3.414638245192116e-05,""max_temp_celsius"":11.526075420348999,""overall_homeless"":-6.925306825917596e-05}"
3,max_temp_celsius|overall_homeless|unsheltered_homeless,173.17512339650114,124.13413793675858,170.29624149185403,0.19651044048186062,-151.64772198865265,"{""max_temp_celsius"":11.51660287550632,""overall_homeless"":-0.0007675916461212395,""unsheltered_homeless"":0.0009896907863269943}"
2,feat_poverty_rate|max_temp_celsius,172.957611502912,122.553320541967,170.36709808377876,0.1958416720400583,-367.1305029973971,"{""feat_poverty_rate"":1516.989068311018,""max_temp_celsius"":11.601290767655119}"
3,feat_median_hh_income|feat_unemployment_rate|max_temp_celsius,173.02438454384298,122.77713852960412,170.3914739834816,0.19561153975174528,-645.9299360217731,"{""feat_median_hh_income"":-0.000525980529838142,""feat_unemployment_rate"":8168.44517137547,""max_temp_celsius"":11.564066637406798}"
3,feat_poverty_rate|feat_unemployment_rate|max_temp_celsius,172.95697180058497,122.6321260589708,170.5117223821035,0.19447579565890538,-343.2883636757035,"{""feat_poverty_rate"":1661.2590029735386,""feat_unemployment_rate"":-671.7384337292995,""max_temp_celsius"":11.603800982601477}"
2,max_temp_celsius|overall_homeless,173.35579248689805,124.24900252712318,170.5395686233005,0.1942126741261735,-164.61775393083778,"{""max_temp_celsius"":11.512358438463371,""overall_homeless"":-6.383978680040395e-05}"
3,feat_unemployment_rate|max_temp_celsius|unsheltered_homeless,172.9989016415295,123.98022834550312,170.78261774428768,0.1919142578653118,-552.1024607876357,"{""feat_unemployment_rate"":6073.080651299067,""max_temp_celsius"":11.562324222909727,""unsheltered_homeless"":-6.816038961936693e-05}"
5,feat_median_hh_income|feat_total_population|feat_unemployment_rate|max_temp_celsius|min_temp_celsius,171.84498518574406,120.75235898075813,170.96964136350786,0.19014342341168788,3551.2213486822748,"{""feat_median_hh_income"":-0.0006384458441722097,""feat_total_population"":-9.432627822085008e-05,""feat_unemployment_rate"":19416.22953636876,""max_temp_celsius"":7.619972347015202,""min_temp_celsius"":4.124314521518325}"
4,feat_unemployment_rate|max_temp_celsius|overall_homeless|unsheltered_homeless,172.75166874288863,124.58696462275972,171.09796723612493,0.188927247801582,-554.4895928169335,"{""feat_unemployment_rate"":6375.002546486793,""max_temp_celsius"":11.567601694820622,""overall_homeless"":-0.0008353910725439447,""unsheltered_homeless"":0.0010741826833672904}"
3,feat_unemployment_rate|max_temp_celsius|overall_homeless,172.96434198040168,124.79770620511316,171.38373212705858,0.18621570570010448,-552.6189535649949,"{""feat_unemployment_rate"":6123.316868747769,""max_temp_celsius"":11.560995769481806,""overall_homeless"":-7.125376321486837e-05}"
3,feat_poverty_rate|feat_total_population|max_temp_celsius,172.9403320160881,123.38646247558299,171.60886436739523,0.18407630294408583,393.5636792725767,"{""feat_poverty_rate"":1872.816737944426,""feat_total_population"":-1.5820677050601802e-05,""max_temp_celsius"":11.61424173304514}"
3,feat_poverty_rate|max_temp_celsius|unsheltered_homeless,172.92596343376752,124.30505288508314,171.7095298092522,0.18311878352920408,-365.8608958121672,"{""feat_poverty_rate"":1529.5108728390646,""max_temp_celsius"":11.597360440093178,""unsheltered_homeless"":-6.841985813917313e-05}"
4,feat_median_hh_income|feat_unemployment_rate|max_temp_celsius|unsheltered_homeless,172.99317930254279,124.52114111777891,171.72562866191413,0.18296560080430202,-645.1455798050267,"{""feat_median_hh_income"":-0.0005175771109582386,""feat_unemployment_rate"":8190.89506943789,""max_temp_celsius"":11.559976128902989,""unsheltered_homeless"":-6.795807109060637e-05}"
4,feat_poverty_rate|feat_unemployment_rate|max_temp_celsius|unsheltered_homeless,172.9254158406393,124.37129860237593,171.83945909260132,0.1818820793464503,-343.804467508804,"{""feat_poverty_rate"":1662.968602519116,""feat_unemployment_rate"":-621.4771882734456,""max_temp_celsius"":11.599688341760757,""unsheltered_homeless"":-6.832398001829696e-05}"
5,feat_median_hh_income|feat_unemployment_rate|max_temp_celsius|overall_homeless|unsheltered_homeless,172.74651415611487,125.09559825796714,171.97923392250053,0.18055061798032612,-642.7334084794722,"{""feat_median_hh_income"":-0.0004908947643995064,""feat_unemployment_rate"":8383.29622058357,""max_temp_celsius"":11.565368667152168,""overall_homeless"":-0.0008344439304180285,""unsheltered_homeless"":0.0010730794160388238}"
6,feat_median_hh_income|feat_total_population|feat_unemployment_rate|max_temp_celsius|min_temp_celsius|unsheltered_homeless,171.82332214067537,122.0182996401554,172.05002457994678,0.17987587024275853,3538.8855179906664,"{""feat_median_hh_income"":-0.0006310615916035865,""feat_total_population"":-9.403625448873288e-05,""feat_unemployment_rate"":19400.392857059865,""max_temp_celsius"":7.631870457274869,""min_temp_celsius"":4.108361750276051,""unsheltered_homeless"":-5.645146537790996e-05}"
7,feat_median_hh_income|feat_total_population|feat_unemployment_rate|max_temp_celsius|min_temp_celsius|overall_homeless|unsheltered_homeless,171.59971590379277,122.3978929389536,172.130419851675,0.17910923847717974,3450.991060947435,"{""feat_median_hh_income"":-0.0006042580210271779,""feat_total_population"":-9.197765085585591e-05,""feat_unemployment_rate"":19335.909755240617,""max_temp_celsius"":7.668700924968801,""min_temp_celsius"":4.07447045204411,""overall_homeless"":-0.0007920902874057349,""unsheltered_homeless"":0.0010265563724383457}"
4,feat_poverty_rate|max_temp_celsius|overall_homeless|unsheltered_homeless,172.68308906254202,125.02197110853437,172.17751451180757,0.17865998772815384,-356.60590235497136,"{""feat_poverty_rate"":1585.96724964021,""max_temp_celsius"":11.603284116638791,""overall_homeless"":-0.0008272960611166903,""unsheltered_homeless"":0.0010629410873414307}"
5,feat_poverty_rate|feat_unemployment_rate|max_temp_celsius|overall_homeless|unsheltered_homeless,172.68307696491803,125.03202160783546,172.19809253880962,0.17846364888559973,-353.32980584752215,"{""feat_poverty_rate"":1605.7899298226123,""feat_unemployment_rate"":-92.38404413549674,""max_temp_celsius"":11.603628472790303,""overall_homeless"":-0.0008270597715737401,""unsheltered_homeless"":0.0010626322042730579}"
4,feat_median_hh_income|feat_poverty_rate|feat_total_population|max_temp_celsius,172.93792853849354,123.79218131606694,172.29874831127196,0.1775029350577948,107.4990093225583,"{""feat_median_hh_income"":-0.00036281004708619505,""feat_poverty_rate"":2074.7521965043943,""feat_total_population"":-1.0159878745695959e-05,""max_temp_celsius"":11.614071558397615}"
3,feat_poverty_rate|max_temp_celsius|overall_homeless,172.89164800478994,125.10549438039514,172.31516494394248,0.1773461924745111,-364.5259220170574,"{""feat_poverty_rate"":1539.6788959936528,""max_temp_celsius"":11.59620480757406,""overall_homeless"":-7.123486709095553e-05}"
4,feat_median_hh_income|feat_unemployment_rate|max_temp_celsius|overall_homeless,172.95874811052775,125.31675691337637,172.31799323979598,0.17731918698781268,-644.6025578157871,"{""feat_median_hh_income"":-0.0005116878300687787,""feat_unemployment_rate"":8216.946254799937,""max_temp_celsius"":11.558675228710522,""overall_homeless"":-7.10845716092718e-05}"
3,feat_median_hh_income|feat_poverty_rate|max_temp_celsius,172.94163934275173,123.80962978758122,172.42319043303357,0.1763144151986198,-392.95171447585756,"{""feat_median_hh_income"":-0.0006749131324470825,""feat_poverty_rate"":2129.4802987015464,""max_temp_celsius"":11.60959452047064}"
4,feat_poverty_rate|feat_unemployment_rate|max_temp_celsius|overall_homeless,172.89121180038,125.16362281516116,172.43006817668766,0.17624870232929613,-344.84241782533775,"{""feat_poverty_rate"":1658.7750434080858,""feat_unemployment_rate"":-554.6738727993894,""max_temp_celsius"":11.598284673582961,""overall_homeless"":-7.113529929428055e-05}"
6,feat_median_hh_income|feat_total_population|feat_unemployment_rate|max_temp_celsius|min_temp_celsius|overall_homeless,171.79515811439214,122.67017578466286,172.5892050202127,0.1747275097173414,3525.9176215604734,"{""feat_median_hh_income"":-0.0006253112649349626,""feat_total_population"":-9.373198284145246e-05,""feat_unemployment_rate"":19387.514739278038,""max_temp_celsius"":7.64064018372246,""min_temp_celsius"":4.097811155362471,""overall_homeless"":-6.17549348182629e-05}"
5,feat_poverty_rate|feat_total_population|feat_unemployment_rate|max_temp_celsius|min_temp_celsius,171.84159905671314,122.66237545445526,172.8855437870944,0.17189106129358245,4957.584764865256,"{""feat_poverty_rate"":-1143.028415297037,""feat_total_population"":-0.00012733556203623096,""feat_unemployment_rate"":25328.503156404015,""max_temp_celsius"":7.619535057076186,""min_temp_celsius"":4.119684948505657}"
4,feat_poverty_rate|feat_total_population|max_temp_celsius|unsheltered_homeless,172.90939240088252,125.05499686327235,172.9094491392389,0.17166203573135586,379.08337680651505,"{""feat_poverty_rate"":1877.8378247913977,""feat_total_population"":-1.549341078245593e-05,""max_temp_celsius"":11.610087467731754,""unsheltered_homeless"":-6.765449508966731e-05}"
4,feat_median_hh_income|feat_poverty_rate|feat_unemployment_rate|max_temp_celsius,172.93598263773805,124.22849647679321,172.94245001717928,0.17134581832620677,-499.605779381188,"{""feat_median_hh_income"":-0.0010198858579929264,""feat_poverty_rate"":1877.0407454962742,""feat_unemployment_rate"":2633.0657729412605,""max_temp_celsius"":11.603999385276015}"
5,feat_poverty_rate|feat_total_population|max_temp_celsius|overall_homeless|unsheltered_homeless,172.67122970599007,125.65196258806058,173.20451304009083,0.16883256431769955,273.5935323016962,"{""feat_poverty_rate"":1880.1732180438275,""feat_total_population"":-1.3108665350053284e-05,""max_temp_celsius"":11.61399905529497,""overall_homeless"":-0.0008198738469457976,""unsheltered_homeless"":0.0010534384665655805}"
4,feat_poverty_rate|feat_total_population|max_temp_celsius|overall_homeless,172.87580501621602,125.81373925343358,173.48335841124955,0.1661541842764428,363.87287059705034,"{""feat_poverty_rate"":1880.168865214591,""feat_total_population"":-1.5149590479670507e-05,""max_temp_celsius"":11.608661127404947,""overall_homeless"":-7.046855179447272e-05}"
5,feat_median_hh_income|feat_poverty_rate|feat_total_population|max_temp_celsius|unsheltered_homeless,172.90702129743866,125.42551856126057,173.59372671348044,0.16509287877536893,94.98441213419844,"{""feat_median_hh_income"":-0.0003603267402020796,""feat_poverty_rate"":2078.388447356817,""feat_total_population"":-9.871532383373542e-06,""max_temp_celsius"":11.609920652959518,""unsheltered_homeless"":-6.761874719801404e-05}"
4,feat_median_hh_income|feat_poverty_rate|max_temp_celsius|unsheltered_homeless,172.91052474785155,125.4461175777391,173.72038662535107,0.16387408079765342,-391.2574877807069,"{""feat_median_hh_income"":-0.0006635344838667558,""feat_poverty_rate"":2131.570208998817,""max_temp_celsius"":11.605557355524196,""unsheltered_homeless"":-6.784261851795038e-05}"
6,feat_median_hh_income|feat_poverty_rate|feat_total_population|feat_unemployment_rate|max_temp_celsius|min_temp_celsius,171.83848943425144,123.09321373228876,173.75538980255664,0.1635371023598715,4619.166884412568,"{""feat_median_hh_income"":-0.00041146269747044004,""feat_poverty_rate"":-904.236701758186,""feat_total_population"":-0.00012056210683421678,""feat_unemployment_rate"":25245.693197302553,""max_temp_celsius"":7.6166758665697625,""min_temp_celsius"":4.122457553861439}"
6,feat_median_hh_income|feat_poverty_rate|feat_total_population|max_temp_celsius|overall_homeless|unsheltered_homeless,172.66934629086037,125.97618311569104,173.80694888032812,0.16304061526619062,20.65294741292675,"{""feat_median_hh_income"":-0.00032093802015667233,""feat_poverty_rate"":2058.7986059477425,""feat_total_population"":-8.103651655343939e-06,""max_temp_celsius"":11.613846677802776,""overall_homeless"":-0.0008190777943224063,""unsheltered_homeless"":0.001052381787327665}"
6,feat_poverty_rate|feat_total_population|feat_unemployment_rate|max_temp_celsius|min_temp_celsius|unsheltered_homeless,171.820196628054,123.84189051999593,173.88765353865884,0.162263175656031,4919.19016810516,"{""feat_poverty_rate"":-1121.153123745102,""feat_total_population"":-0.00012641338660580363,""feat_unemployment_rate"":25179.396612112054,""max_temp_celsius"":7.631422307962487,""min_temp_celsius"":4.103884286442565,""unsheltered_homeless"":-5.611465676203059e-05}"
5,feat_median_hh_income|feat_poverty_rate|max_temp_celsius|overall_homeless|unsheltered_homeless,172.67170938901307,125.98845762810538,173.9069607107909,0.1620771333847426,-378.4808469945,"{""feat_median_hh_income"":-0.0005696415852983714,""feat_poverty_rate"":2102.393003785426,""max_temp_celsius"":11.610275001609264,""overall_homeless"":-0.0008208532089286104,""unsheltered_homeless"":0.0010546257827433343}"
7,feat_poverty_rate|feat_total_population|feat_unemployment_rate|max_temp_celsius|min_temp_celsius|overall_homeless|unsheltered_homeless,171.59530601359728,124.46210593162985,174.13447781179596,0.1598832420525811,4857.3713098539565,"{""feat_poverty_rate"":-1148.00425865714,""feat_total_population"":-0.00012514295707152987,""feat_unemployment_rate"":25427.143439982832,""max_temp_celsius"":7.667897341211005,""min_temp_celsius"":4.070067131929614,""overall_homeless"":-0.0007943375676383725,""unsheltered_homeless"":0.0010299912818283366}"
5,feat_median_hh_income|feat_poverty_rate|feat_total_population|max_temp_celsius|overall_homeless,172.87349155311415,126.16930074741133,174.15786798256724,0.15965753380188696,83.28726426780483,"{""feat_median_hh_income"":-0.00035588733530525355,""feat_poverty_rate"":2078.246096139955,""feat_total_population"":-9.597273057391461e-06,""max_temp_celsius"":11.608498093794115,""overall_homeless"":-7.041938150171846e-05}"
5,feat_median_hh_income|feat_poverty_rate|feat_unemployment_rate|max_temp_celsius|unsheltered_homeless,172.90476917545539,125.84959037056841,174.2543550015934,0.15872614205891888,-498.8279175505196,"{""feat_median_hh_income"":-0.001011461886469899,""feat_poverty_rate"":1876.9586819516553,""feat_unemployment_rate"":2655.75489557839,""max_temp_celsius"":11.599907637540172,""unsheltered_homeless"":-6.794965478378725e-05}"
4,feat_median_hh_income|feat_poverty_rate|max_temp_celsius|overall_homeless,172.87680341610917,126.1872914749401,174.28258089927994,0.15845357919508118,-389.44033666538314,"{""feat_median_hh_income"":-0.0006506347184698844,""feat_poverty_rate"":2129.945013180725,""max_temp_celsius"":11.604252930005963,""overall_homeless"":-7.063151460612236e-05}"
6,feat_poverty_rate|feat_total_population|feat_unemployment_rate|max_temp_celsius|min_temp_celsius|overall_homeless,171.79206036014642,124.46793902043774,174.40631303102208,0.15725824120573795,4895.18343752744,"{""feat_poverty_rate"":-1112.2872784737806,""feat_total_population"":-0.00012585340167348567,""feat_unemployment_rate"":25123.982686189633,""max_temp_celsius"":7.640198848047243,""min_temp_celsius"":4.09335533972608,""overall_homeless"":-6.157856187936942e-05}"
6,feat_median_hh_income|feat_poverty_rate|feat_unemployment_rate|max_temp_celsius|overall_homeless|unsheltered_homeless,172.66415564766817,126.4184021063895,174.47685733082753,0.15657635475763376,-501.60918761060066,"{""feat_median_hh_income"":-0.0009676799121167,""feat_poverty_rate"":1810.719855031043,""feat_unemployment_rate"":3041.115714708306,""max_temp_celsius"":11.603824316150208,""overall_homeless"":-0.00082412947416778,""unsheltered_homeless"":0.0010589833151933407}"
7,feat_median_hh_income|feat_poverty_rate|feat_total_population|feat_unemployment_rate|max_temp_celsius|min_temp_celsius|unsheltered_homeless,171.81711923778278,124.27474410184033,174.75097780012038,0.1539240682845876,4582.580209799932,"{""feat_median_hh_income"":-0.0004093000216984517,""feat_poverty_rate"":-883.633145772169,""feat_total_population"":-0.00011967623395159299,""feat_unemployment_rate"":25097.135273773078,""max_temp_celsius"":7.6285691085936325,""min_temp_celsius"":4.106654331093585,""unsheltered_homeless"":-5.60719947251136e-05}"
5,feat_median_hh_income|feat_poverty_rate|feat_unemployment_rate|max_temp_celsius|overall_homeless,172.87086020802138,126.58829638379122,174.8274584631071,0.1531833272712687,-498.7365770007458,"{""feat_median_hh_income"":-0.001004124917523115,""feat_poverty_rate"":1871.2342978675913,""feat_unemployment_rate"":2698.4877520673854,""max_temp_celsius"":11.598506933603034,""overall_homeless"":-7.078810974362531e-05}"
8,feat_median_hh_income|feat_poverty_rate|feat_total_population|feat_unemployment_rate|max_temp_celsius|min_temp_celsius|overall_homeless|unsheltered_homeless,171.59278827550082,124.8146186983488,174.90891216944442,0.15239406423964785,4553.157188012716,"{""feat_median_hh_income"":-0.00036999784345817863,""feat_poverty_rate"":-933.259691147459,""feat_total_population"":-0.00011905423731674098,""feat_unemployment_rate"":25352.486268930665,""max_temp_celsius"":7.665274707987366,""min_temp_celsius"":4.072611430379507,""overall_homeless"":-0.0007933923167859782,""unsheltered_homeless"":0.0010287373975351895}"
7,feat_median_hh_income|feat_poverty_rate|feat_total_population|feat_unemployment_rate|max_temp_celsius|min_temp_celsius|overall_homeless,171.7890442878158,124.89588597292133,175.25918926636623,0.14899578990856388,4561.99950788308,"{""feat_median_hh_income"":-0.00040517080942367224,""feat_poverty_rate"":-877.1761352271913,""feat_total_population"":-0.00011918492497739352,""feat_unemployment_rate"":25042.632524250566,""max_temp_celsius"":7.6373638267998825,""min_temp_celsius"":4.096110460924878,""overall_homeless"":-6.15202973801015e-05}"
3,feat_total_population|feat_unemployment_rate|max_temp_celsius,172.85698013343332,128.4782218216286,177.3888748591973,0.1281879446747658,3451.741545307895,"{""feat_total_population"":-9.209040598364236e-05,""feat_unemployment_rate"":16960.160673056984,""max_temp_celsius"":11.616280332460603}"
4,feat_total_population|feat_unemployment_rate|max_temp_celsius|unsheltered_homeless,172.8268116616694,129.96172768939442,178.68217164986308,0.1154292873627123,3436.6674641350414,"{""feat_total_population"":-9.176005297076324e-05,""feat_unemployment_rate"":16976.760524026984,""max_temp_celsius"":11.612043875388855,""unsheltered_homeless"":-6.678823060434805e-05}"
5,feat_total_population|feat_unemployment_rate|max_temp_celsius|overall_homeless|unsheltered_homeless,172.5872231166884,130.40418670392802,178.75237802392795,0.11473403386120506,3342.7134392358353,"{""feat_total_population"":-8.965272159934275e-05,""feat_unemployment_rate"":17023.47941228849,""max_temp_celsius"":11.616095727825755,""overall_homeless"":-0.0008221302090422954,""unsheltered_homeless"":0.00105738996203266}"
4,feat_total_population|feat_unemployment_rate|max_temp_celsius|overall_homeless,172.7934337249101,130.63271899664275,179.24294137831706,0.10986836484231843,3422.1754055511637,"{""feat_total_population"":-9.143834774170254e-05,""feat_unemployment_rate"":16987.893950390462,""max_temp_celsius"":11.610560992821801,""overall_homeless"":-6.991248433973985e-05}"
4,feat_median_hh_income|feat_total_population|feat_unemployment_rate|max_temp_celsius,172.85016538464208,130.09024405593908,179.68863472013547,0.10543617938786454,3360.979489015685,"{""feat_median_hh_income"":-0.00056462952136608,""feat_total_population"":-9.233751947524092e-05,""feat_unemployment_rate"":19300.055185549394,""max_temp_celsius"":11.613839038707184}"
6,feat_median_hh_income|feat_total_population|feat_unemployment_rate|max_temp_celsius|overall_homeless|unsheltered_homeless,172.5812300630466,131.85309958465086,180.86007781432008,0.09373430969940966,3257.8284791870233,"{""feat_median_hh_income"":-0.0005291140505887959,""feat_total_population"":-8.988803793436246e-05,""feat_unemployment_rate"":19216.08118324524,""max_temp_celsius"":11.613816130126986,""overall_homeless"":-0.0008210745212908434,""unsheltered_homeless"":0.0010561567196943676}"
5,feat_median_hh_income|feat_total_population|feat_unemployment_rate|max_temp_celsius|unsheltered_homeless,172.8201966555786,131.53974282878227,180.93943477610372,0.09293884095191618,3347.3008838468363,"{""feat_median_hh_income"":-0.0005562587516769307,""feat_total_population"":-9.200459665190611e-05,""feat_unemployment_rate"":19281.91057923933,""max_temp_celsius"":11.609652798874105,""unsheltered_homeless"":-6.656712892111372e-05}"
5,feat_median_hh_income|feat_total_population|feat_unemployment_rate|max_temp_celsius|overall_homeless,172.78695773505555,132.1874046134227,181.47031628495333,0.0876083454038411,3333.789608601572,"{""feat_median_hh_income"":-0.0005503349716432123,""feat_total_population"":-9.168093561013322e-05,""feat_unemployment_rate"":19268.47648622293,""max_temp_celsius"":11.608196682130647,""overall_homeless"":-6.972695216237243e-05}"
4,feat_poverty_rate|feat_total_population|feat_unemployment_rate|max_temp_celsius,172.84466514205653,132.1352615481741,181.89249753499843,0.083358143775067,4768.402570748834,"{""feat_poverty_rate"":-1154.159667308418,""feat_total_population"":-0.00012570550525113847,""feat_unemployment_rate"":25601.359532918996,""max_temp_celsius"":11.608525006389424}"
5,feat_median_hh_income|feat_poverty_rate|feat_total_population|feat_unemployment_rate|max_temp_celsius,172.84277354044397,132.4728997821452,182.52503343470875,0.0769717667737414,4503.607146810774,"{""feat_median_hh_income"":-0.00032182833617579024,""feat_poverty_rate"":-967.3929741725417,""feat_total_population"":-0.00012040674330133374,""feat_unemployment_rate"":25536.73279605889,""max_temp_celsius"":11.60838848506393}"
5,feat_poverty_rate|feat_total_population|feat_unemployment_rate|max_temp_celsius|unsheltered_homeless,172.81504259079006,133.484755138198,183.05311733173488,0.07162300484230832,4723.972954011744,"{""feat_poverty_rate"":-1128.3079753593283,""feat_total_population"":-0.00012462519723498405,""feat_unemployment_rate"":25424.257908530526,""max_temp_celsius"":11.604500472634092,""unsheltered_homeless"":-6.61857813276253e-05}"
6,feat_poverty_rate|feat_total_population|feat_unemployment_rate|max_temp_celsius|overall_homeless|unsheltered_homeless,172.57485091732153,133.98112187956278,183.12847908008078,0.07085843424794935,4661.578952603619,"{""feat_poverty_rate"":-1156.071894828834,""feat_total_population"":-0.00012332395963565327,""feat_unemployment_rate"":25678.899512944776,""max_temp_celsius"":11.608371722183874,""overall_homeless"":-0.0008231478068927472,""unsheltered_homeless"":0.0010593987009024466}"
5,feat_poverty_rate|feat_total_population|feat_unemployment_rate|max_temp_celsius|overall_homeless,172.78184765252186,134.0968640830244,183.56336922222556,0.06644017768854216,4699.324537260565,"{""feat_poverty_rate"":-1119.3766330754443,""feat_total_population"":-0.0001240441004185883,""feat_unemployment_rate"":25368.514053621293,""max_temp_celsius"":11.603071976974931,""overall_homeless"":-6.951414603110726e-05}"
7,feat_median_hh_income|feat_poverty_rate|feat_total_population|feat_unemployment_rate|max_temp_celsius|overall_homeless|unsheltered_homeless,172.57341997170596,134.2426242851869,183.67368741889817,0.06531773606356461,4431.506824887772,"{""feat_median_hh_income"":-0.0002797107265508085,""feat_poverty_rate"":-993.7332489606654,""feat_total_population"":-0.00011872015347289542,""feat_unemployment_rate"":25622.579190491007,""max_temp_celsius"":11.608251261630885,""overall_homeless"":-0.000822446835338024,""unsheltered_homeless"":0.0010584646886157652}"
6,feat_median_hh_income|feat_poverty_rate|feat_total_population|feat_unemployment_rate|max_temp_celsius|unsheltered_homeless,172.81317582060834,133.81714446021627,183.68040365366284,0.06524937939935282,4460.962242566903,"{""feat_median_hh_income"":-0.0003196820676432808,""feat_poverty_rate"":-942.7977665091497,""feat_total_population"":-0.00011936222972797515,""feat_unemployment_rate"":25360.13713081677,""max_temp_celsius"":11.604366565344609,""unsheltered_homeless"":-6.615776365561677e-05}"
6,feat_median_hh_income|feat_poverty_rate|feat_total_population|feat_unemployment_rate|max_temp_celsius|overall_homeless,172.78003057084229,134.4275102477514,184.18112873823327,0.0601460472391524,4439.883852311238,"{""feat_median_hh_income"":-0.00031537002486691044,""feat_poverty_rate"":-936.3785057989468,""feat_total_population"":-0.00011885265637348583,""feat_unemployment_rate"":25305.322219105536,""max_temp_celsius"":11.602941427002643,""overall_homeless"":-6.947294595891156e-05}"
1,feat_median_hh_income,201.5450831770006,136.71606690819002,189.4799298777033,0.005289865810675476,69.95910562939784,"{""feat_median_hh_income"":0.0007454731807646771}"
2,feat_median_hh_income|feat_total_population,201.5334809777874,136.71357243770305,189.54019355584538,0.004657034417069994,-865.567639169904,"{""feat_median_hh_income"":0.00025218061462771484,""feat_total_population"":1.9107134573474606e-05}"
1,feat_total_population,201.53584628356094,136.7526197410976,189.61057150375044,0.003917737920710596,-1234.2555017550037,"{""feat_total_population"":2.672661671723584e-05}"
2,feat_median_hh_income|unsheltered_homeless,201.49682944255386,136.90379927078533,189.8153593260997,0.0017649499995114892,72.2379879444774,"{""feat_median_hh_income"":0.0007635539496104656,""unsheltered_homeless"":-9.119856534020553e-05}"
3,feat_median_hh_income|feat_total_population|unsheltered_homeless,201.48480149234638,136.8971992780833,189.88300637329476,0.0010533143695281577,-880.2116163659721,"{""feat_median_hh_income"":0.0002614126181518601,""feat_total_population"":1.9452971240129276e-05,""unsheltered_homeless"":-9.160090328500515e-05}"
2,feat_median_hh_income|overall_homeless,201.46236670016424,136.9848538460401,189.93596326915772,0.0004960397247955051,74.08153205149577,"{""feat_median_hh_income"":0.0007758746234325818,""overall_homeless"":-8.611860994925247e-05}"
2,feat_total_population|unsheltered_homeless,201.4873435970099,136.93373790335804,189.95804389552757,0.00026363554019459556,-1262.344767886622,"{""feat_total_population"":2.7350240587955297e-05,""unsheltered_homeless"":-9.143198879789239e-05}"
3,feat_median_hh_income|feat_total_population|overall_homeless,201.44996400065827,136.97515033022242,190.00603375004573,-0.00024156299774036327,-893.0376773925262,"{""feat_median_hh_income"":0.0002660613768613286,""feat_total_population"":1.9752787542109336e-05,""overall_homeless"":-8.653860624923536e-05}"
2,feat_poverty_rate|feat_total_population,201.52374892618178,136.7169183868212,190.006284126952,-0.0002441990987960274,-729.2957991775551,"{""feat_poverty_rate"":417.3013890348431,""feat_total_population"":1.577166599491994e-05}"
3,feat_median_hh_income|overall_homeless|unsheltered_homeless,201.3120785769182,137.15561522418201,190.02581524825578,-0.00044984382199175776,82.9158383291902,"{""feat_median_hh_income"":0.0008274012653951813,""overall_homeless"":-0.0007794143341221689,""unsheltered_homeless"":0.0009745898301111636}"
2,feat_total_population|overall_homeless,201.45259772315296,137.0149113765831,190.08271421488334,-0.0010490580350002165,-1281.9406370525203,"{""feat_total_population"":2.778991647442202e-05,""overall_homeless"":-8.63962588793737e-05}"
4,feat_median_hh_income|feat_total_population|overall_homeless|unsheltered_homeless,201.29771217512447,137.1395264318663,190.0936900510848,-0.0011646673659599927,-957.748103779403,"{""feat_median_hh_income"":0.0002791339665761642,""feat_total_population"":2.1256103183535898e-05,""overall_homeless"":-0.0007845224646243671,""unsheltered_homeless"":0.0009811351693202544}"
2,feat_poverty_rate|feat_unemployment_rate,201.48943227830537,136.9217553569059,190.1639015034385,-0.0019043679503172317,-196.50729678700665,"{""feat_poverty_rate"":-589.8541586676387,""feat_unemployment_rate"":6344.315571503816}"
3,feat_total_population|overall_homeless|unsheltered_homeless,201.30061313445606,137.1705144473718,190.17004548147816,-0.0019691097633249832,-1365.6845525420856,"{""feat_total_population"":2.9686433083479974e-05,""overall_homeless"":-0.0007837505247623084,""unsheltered_homeless"":0.000980259992432374}"
2,feat_median_hh_income|feat_poverty_rate,201.5364714511686,136.81875150065952,190.20755958748228,-0.0023644578605326316,39.348343401898916,"{""feat_median_hh_income"":0.0002607207700872287,""feat_poverty_rate"":534.795950302605}"
1,feat_unemployment_rate,201.4974032923809,136.8617925155645,190.29947709280563,-0.0033334740510546634,-122.13151571903148,"{""feat_unemployment_rate"":3967.362545240073}"
3,feat_poverty_rate|feat_total_population|unsheltered_homeless,201.4748040783237,136.90219031707514,190.36512437726586,-0.004025829908746115,-748.4091973072992,"{""feat_poverty_rate"":424.82488615780954,""feat_total_population"":1.620062595367355e-05,""unsheltered_homeless"":-9.184868293742148e-05}"
3,feat_median_hh_income|feat_poverty_rate|feat_total_population,201.52083472431028,136.80729782560593,190.44995893205262,-0.00492089998570866,-1069.3070681340698,"{""feat_median_hh_income"":-0.0004312542657825513,""feat_poverty_rate"":657.3573741795948,""feat_total_population"":2.2499824784773305e-05}"
1,unsheltered_homeless,201.59529824974624,137.4526590080683,190.45253160871115,-0.00494804994173359,132.3330484384166,"{""unsheltered_homeless"":-8.679111908515756e-05}"
3,feat_poverty_rate|feat_total_population|overall_homeless,201.43991497742422,136.98051005572643,190.49310716246293,-0.005376300140701673,-765.1618118879085,"{""feat_poverty_rate"":427.20747669989447,""feat_total_population"":1.6578654713397008e-05,""overall_homeless"":-8.67003479668381e-05}"
3,feat_median_hh_income|feat_poverty_rate|unsheltered_homeless,201.48810068878404,137.0057587197273,190.55589281171893,-0.006039144138048291,41.426231235038685,"{""feat_median_hh_income"":0.00027559708115442464,""feat_poverty_rate"":538.3550442997499,""unsheltered_homeless"":-9.130748428331168e-05}"
3,feat_poverty_rate|feat_unemployment_rate|unsheltered_homeless,201.44029444467697,137.1399152508503,190.55989478160453,-0.006081401352734828,-197.27242790471124,"{""feat_poverty_rate"":-586.4772284265749,""feat_unemployment_rate"":6408.656618966937,""unsheltered_homeless"":-9.201618027898898e-05}"
1,overall_homeless,201.56397999913875,137.53345003418676,190.57960395990472,-0.0062895255562323005,135.01432030622587,"{""overall_homeless"":-8.197309444918431e-05}"
4,feat_poverty_rate|feat_total_population|overall_homeless|unsheltered_homeless,201.2879574852501,137.137125741614,190.5805626049421,-0.006299649167217147,-849.6426882798384,"{""feat_poverty_rate"":426.5899074863226,""feat_total_population"":1.8491149716835124e-05,""overall_homeless"":-0.0007839701338337558,""unsheltered_homeless"":0.0009801418581187585}"
3,feat_median_hh_income|feat_poverty_rate|overall_homeless,201.4537042878937,137.0789111677525,190.6743208117924,-0.007290013109354954,43.38828522690072,"{""feat_median_hh_income"":0.00028980603438004464,""feat_poverty_rate"":536.2575733828982,""overall_homeless"":-8.614317884223467e-05}"
2,feat_unemployment_rate|unsheltered_homeless,201.44817633345613,137.0744333201521,190.68810566107524,-0.0074356629575136335,-123.32355005988,"{""feat_unemployment_rate"":4045.383697736792,""unsheltered_homeless"":-9.21011565996294e-05}"
2,overall_homeless|unsheltered_homeless,201.42737481469533,137.69677429182562,190.69623619009343,-0.007521574551067944,147.27989650994994,"{""overall_homeless"":-0.0007418869220780033,""unsheltered_homeless"":0.0009280322630478059}"
1,feat_poverty_rate,201.5385189033509,136.9516485302615,190.69625991273645,-0.007521825222781331,29.483203379255116,"{""feat_poverty_rate"":771.1967587325494}"
3,feat_poverty_rate|feat_unemployment_rate|overall_homeless,201.40496452207952,137.22904414820374,190.69912566588982,-0.007552107206749259,-198.4935542040587,"{""feat_poverty_rate"":-591.5835146060792,""feat_unemployment_rate"":6483.4281560985555,""overall_homeless"":-8.701208044406984e-05}"
4,feat_median_hh_income|feat_poverty_rate|overall_homeless|unsheltered_homeless,201.3042357921513,137.2100669008064,190.7164111277604,-0.007734769741637448,53.695904789473445,"{""feat_median_hh_income"":0.0003649016089092609,""feat_poverty_rate"":510.1025541723122,""overall_homeless"":-0.0007775781133722937,""unsheltered_homeless"":0.0009719757381181374}"
4,feat_poverty_rate|feat_unemployment_rate|overall_homeless|unsheltered_homeless,201.2499293524565,137.3816729072951,190.7669617102687,-0.008269053398883619,-206.33762770593697,"{""feat_poverty_rate"":-641.910612442431,""feat_unemployment_rate"":6917.120480505069,""overall_homeless"":-0.0007912416801079603,""unsheltered_homeless"":0.0009899531483128264}"
4,feat_median_hh_income|feat_poverty_rate|feat_total_population|unsheltered_homeless,201.47193502499636,137.00063254781907,190.8116875552922,-0.008741891792119594,-1085.7271161611577,"{""feat_median_hh_income"":-0.0004278494611932971,""feat_poverty_rate"":662.9820863443832,""feat_total_population"":2.287546493586621e-05,""unsheltered_homeless"":-9.180582263255277e-05}"
2,feat_unemployment_rate|overall_homeless,201.41298569915,137.16209278017132,190.82882262478722,-0.008923071873259358,-123.89922461406942,"{""feat_unemployment_rate"":4099.469613815189,""overall_homeless"":-8.698793034353412e-05}"
3,feat_unemployment_rate|overall_homeless|unsheltered_homeless,201.25937703573027,137.3138016795461,190.93509887514074,-0.010047162219897876,-125.39026591614109,"{""feat_unemployment_rate"":4329.251493809133,""overall_homeless"":-0.0007878520768245575,""unsheltered_homeless"":0.0009852251195181178}"
4,feat_median_hh_income|feat_poverty_rate|feat_total_population|overall_homeless,201.4371141620171,137.07757927987402,190.93520353258359,-0.010048269496482964,-1098.4015569162034,"{""feat_median_hh_income"":-0.0004226963655354749,""feat_poverty_rate"":662.4930386576283,""feat_total_population"":2.3172752443176242e-05,""overall_homeless"":-8.664167612309164e-05}"
5,feat_median_hh_income|feat_poverty_rate|feat_total_population|overall_homeless|unsheltered_homeless,201.2855690110001,137.2045068467547,190.9808898229864,-0.010531688776480808,-1157.1664463312188,"{""feat_median_hh_income"":-0.00039021738365571516,""feat_poverty_rate"":643.7974930239869,""feat_total_population"":2.4576068033227875e-05,""overall_homeless"":-0.0007830028136426131,""unsheltered_homeless"":0.0009788582474544358}"
2,feat_poverty_rate|unsheltered_homeless,201.49038868799514,137.15048899877507,191.07841022525494,-0.011563966063346198,30.99433433438122,"{""feat_poverty_rate"":788.2009834189383,""unsheltered_homeless"":-9.107438003485641e-05}"
2,feat_poverty_rate|overall_homeless,201.4562342937054,137.2377383497068,191.22567524693562,-0.013123801048157135,32.41360258286555,"{""feat_poverty_rate"":798.945208605951,""overall_homeless"":-8.58789600988316e-05}"
2,feat_total_population|feat_unemployment_rate,201.48928372088184,137.22906629911836,191.26441549788416,-0.013534338450329919,812.0088321833293,"{""feat_total_population"":-2.1479683657072304e-05,""feat_unemployment_rate"":6517.964811057985}"
3,feat_poverty_rate|overall_homeless|unsheltered_homeless,201.30824524834907,137.403593716689,191.410925892047,-0.015087687396039051,39.83623442656261,"{""feat_poverty_rate"":840.6274495776713,""overall_homeless"":-0.0007734301547070336,""unsheltered_homeless"":0.0009666119338789253}"
3,feat_total_population|feat_unemployment_rate|unsheltered_homeless,201.44036882761372,137.44711688643943,191.64858347695656,-0.017609936866257225,792.6107670854979,"{""feat_total_population"":-2.1060966312765273e-05,""feat_unemployment_rate"":6546.018650508987,""unsheltered_homeless"":-9.180984516257704e-05}"
3,feat_total_population|feat_unemployment_rate|overall_homeless,201.40543233490624,137.53550458771116,191.7761319765497,-0.018964894044431135,776.955245884901,"{""feat_total_population"":-2.0714171199233262e-05,""feat_unemployment_rate"":6558.7329593977975,""overall_homeless"":-8.669936216283991e-05}"
4,feat_total_population|feat_unemployment_rate|overall_homeless|unsheltered_homeless,201.25300242435364,137.6801111452439,191.79140168584172,-0.01912716572012041,702.0195789749239,"{""feat_total_population"":-1.902526494600184e-05,""feat_unemployment_rate"":6587.15202604628,""overall_homeless"":-0.0007849956875990144,""unsheltered_homeless"":0.0009815823836252212}"
3,feat_median_hh_income|feat_poverty_rate|feat_unemployment_rate,201.47231092726526,137.49475951074803,191.86828314021076,-0.019944383614939776,-348.88899461314077,"{""feat_median_hh_income"":-0.0009942234082157863,""feat_poverty_rate"":-379.53945488404054,""feat_unemployment_rate"":9566.080972163967}"
2,feat_median_hh_income|feat_unemployment_rate,201.47542698985666,137.5583658712903,192.2109356248417,-0.023590619885232034,-319.0738861110193,"{""feat_median_hh_income"":-0.0010944884958159126,""feat_unemployment_rate"":8447.016410293098}"
4,feat_median_hh_income|feat_poverty_rate|feat_unemployment_rate|unsheltered_homeless,201.42355848711276,137.73735361303648,192.2752504053763,-0.024275731996332706,-347.9114712988144,"{""feat_median_hh_income"":-0.0009828730664621502,""feat_poverty_rate"":-378.57687075169457,""feat_unemployment_rate"":9593.387374138161,""unsheltered_homeless"":-9.165286897344676e-05}"
5,feat_median_hh_income|feat_poverty_rate|feat_unemployment_rate|overall_homeless|unsheltered_homeless,201.23457766509313,137.95827885118067,192.38470182542233,-0.0254421883306033,-350.5233865747756,"{""feat_median_hh_income"":-0.0009409804346363518,""feat_poverty_rate"":-442.6718447681978,""feat_unemployment_rate"":9964.278170153586,""overall_homeless"":-0.0007883916446972789,""unsheltered_homeless"":0.000986403741254978}"
4,feat_median_hh_income|feat_poverty_rate|feat_unemployment_rate|overall_homeless,201.38849526795755,137.83621906429593,192.4066829727518,-0.025676527997902987,-347.91206315539955,"{""feat_median_hh_income"":-0.0009749400703768852,""feat_poverty_rate"":-385.3412505141911,""feat_unemployment_rate"":9642.1677305819,""overall_homeless"":-8.667527726474562e-05}"
3,feat_median_hh_income|feat_unemployment_rate|unsheltered_homeless,201.4266595131186,137.80978122578563,192.6150128030598,-0.027898848917666363,-318.17183374712545,"{""feat_median_hh_income"":-0.001082881986109064,""feat_unemployment_rate"":8477.165847433913,""unsheltered_homeless"":-9.166769016578073e-05}"
3,feat_median_hh_income|feat_unemployment_rate|overall_homeless,201.3917086336262,137.9044306542182,192.75278024907936,-0.02936977935648777,-317.6420156295833,"{""feat_median_hh_income"":-0.0010767480939178964,""feat_unemployment_rate"":8505.962650551415,""overall_homeless"":-8.662525543811188e-05}"
4,feat_median_hh_income|feat_unemployment_rate|overall_homeless|unsheltered_homeless,201.23881959175736,138.02923067546894,192.7946086774224,-0.029816585797302952,-315.7565501803101,"{""feat_median_hh_income"":-0.0010580024558793492,""feat_unemployment_rate"":8658.483772415699,""overall_homeless"":-0.0007858305227278937,""unsheltered_homeless"":0.0009828843098120027}"
3,feat_median_hh_income|feat_total_population|feat_unemployment_rate,201.4669162975146,138.20558318570392,193.76741520997626,-0.04023533962268999,635.5855968315179,"{""feat_median_hh_income"":-0.0011042762898236622,""feat_total_population"":-2.1991999506576165e-05,""feat_unemployment_rate"":11098.514213538028}"
4,feat_median_hh_income|feat_total_population|feat_unemployment_rate|unsheltered_homeless,201.41847097133586,138.45171382546422,194.1493049026769,-0.04433971003168291,618.159621973415,"{""feat_median_hh_income"":-0.0010925201639328016,""feat_total_population"":-2.1569854676751595e-05,""feat_unemployment_rate"":11077.667740353603,""unsheltered_homeless"":-9.1365480438009e-05}"
5,feat_median_hh_income|feat_total_population|feat_unemployment_rate|overall_homeless|unsheltered_homeless,201.23210460342807,138.56352856603223,194.1608342596639,-0.04446374779578388,531.9158824634309,"{""feat_median_hh_income"":-0.001066821459830004,""feat_total_population"":-1.952766462577673e-05,""feat_unemployment_rate"":11012.09504164564,""overall_homeless"":-0.0007828818552849897,""unsheltered_homeless"":0.0009791258719709386}"
4,feat_median_hh_income|feat_total_population|feat_unemployment_rate|overall_homeless,201.38378162067016,138.53179102685758,194.26166461652613,-0.04554883787820163,603.562083951266,"{""feat_median_hh_income"":-0.0010862541335169974,""feat_total_population"":-2.122141883391171e-05,""feat_unemployment_rate"":11064.350906165479,""overall_homeless"":-8.63264169913817e-05}"
3,feat_poverty_rate|feat_total_population|feat_unemployment_rate,201.4134275128315,141.4883971062207,199.79159935868148,-0.1059221562797168,4342.533384491636,"{""feat_poverty_rate"":-3090.652897873863,""feat_total_population"":-0.00011162171958378517,""feat_unemployment_rate"":29676.36608838018}"
5,feat_poverty_rate|feat_total_population|feat_unemployment_rate|overall_homeless|unsheltered_homeless,201.17751460598473,141.800221556433,200.06807880297853,-0.10898511096652941,4222.3743884943115,"{""feat_poverty_rate"":-3081.71833963444,""feat_total_population"":-0.00010890721732701427,""feat_unemployment_rate"":29678.23549298463,""overall_homeless"":-0.0007877740943965828,""unsheltered_homeless"":0.0009870714052539191}"
4,feat_poverty_rate|feat_total_population|feat_unemployment_rate|unsheltered_homeless,201.36627392974611,141.70681150024367,200.0903833397503,-0.1092323945726359,4282.228122965748,"{""feat_poverty_rate"":-3054.5325678307286,""feat_total_population"":-0.00011015715507829266,""feat_unemployment_rate"":29433.256864683273,""unsheltered_homeless"":-9.013488933989341e-05}"
4,feat_poverty_rate|feat_total_population|feat_unemployment_rate|overall_homeless,201.33170146474615,141.79030755097307,200.17719132634937,-0.11019507070628176,4257.730936987075,"{""feat_poverty_rate"":-3046.708124285172,""feat_total_population"":-0.00010958434633517125,""feat_unemployment_rate"":29387.330397627797,""overall_homeless"":-8.558568839901382e-05}"
4,feat_median_hh_income|feat_poverty_rate|feat_total_population|feat_unemployment_rate,201.4111198871734,141.6300133716953,200.24339381027366,-0.11092951826634256,4026.8252443505685,"{""feat_median_hh_income"":-0.00038371413719666506,""feat_poverty_rate"":-2867.944857283375,""feat_total_population"":-0.00010530423264712724,""feat_unemployment_rate"":29599.254850617832}"
6,feat_median_hh_income|feat_poverty_rate|feat_total_population|feat_unemployment_rate|overall_homeless|unsheltered_homeless,201.17567375360628,141.91915162225132,200.47169764821697,-0.11346417425049138,3940.631039813307,"{""feat_median_hh_income"":-0.0003425369289166494,""feat_poverty_rate"":-2882.892119489434,""feat_total_population"":-0.00010326952742433134,""feat_unemployment_rate"":29609.21415517747,""overall_homeless"":-0.0007869161260951176,""unsheltered_homeless"":0.0009859285260602312}"
5,feat_median_hh_income|feat_poverty_rate|feat_total_population|feat_unemployment_rate|unsheltered_homeless,201.3640011510814,141.85435860451864,200.54313259436955,-0.11425784663142813,3968.971514524644,"{""feat_median_hh_income"":-0.0003807618827102363,""feat_poverty_rate"":-2833.551504947998,""feat_total_population"":-0.00010388882099463402,""feat_unemployment_rate"":29356.82977101256,""unsheltered_homeless"":-9.010119867789988e-05}"
5,feat_median_hh_income|feat_poverty_rate|feat_total_population|feat_unemployment_rate|overall_homeless,201.3294880391494,141.93169547260766,200.62473409001797,-0.11516481965485537,3948.643392179411,"{""feat_median_hh_income"":-0.0003757268057402047,""feat_poverty_rate"":-2828.661256895509,""feat_total_population"":-0.00010339953705734465,""feat_unemployment_rate"":29311.990766126797,""overall_homeless"":-8.55363942698306e-05}"
